"role_category","total_words","word","count","freq_per_1000_words"
"Father",943910,"emotion_count",25567,27.0862688180017
"Father",943910,"good",4704,4.98352597175578
"Father",943910,"like",4579,4.85109809197911
"Father",943910,"want",3942,4.17624561663718
"Father",943910,"well",3346,3.544829485862
"Father",943910,"sure",1056,1.11875072835334
"Father",943910,"kind",768,0.813636893347883
"Father",943910,"bad",692,0.733120742443665
"Father",943910,"love",479,0.507463635304213
"Father",943910,"hurt",473,0.501107097074933
"Father",943910,"funny",345,0.365500948183619
"Father",943910,"blue",293,0.310410950196523
"Father",943910,"sorry",265,0.280747105126548
"Father",943910,"happy",255,0.270152874744414
"Father",943910,"careful",250,0.264855759553347
"Father",943910,"tired",223,0.236251337521586
"Father",943910,"silly",189,0.20023095422233
"Father",943910,"hungry",181,0.191755569916623
"Father",943910,"fine",158,0.167388840037715
"Father",943910,"welcome",155,0.164210570923075
"Father",943910,"high",149,0.157854032693795
"Father",943910,"sick",145,0.153616340540941
"Father",943910,"hope",138,0.146200379273448
"Father",943910,"mad",126,0.133487302814887
"Father",943910,"lost",125,0.132427879776674
"Father",943910,"warm",109,0.115477111165259
"Father",943910,"wonder",108,0.114417688127046
"Father",943910,"glad",97,0.102764034706699
"Father",943910,"quiet",93,0.0985263425538452
"Father",943910,"scared",87,0.0921698043245648
"Father",943910,"sad",79,0.0836944200188577
"Father",943910,"afraid",77,0.081575573942431
"Father",943910,"strong",76,0.0805161509042176
"Father",943910,"crazy",71,0.0752190357131506
"Father",943910,"alone",70,0.0741596126749372
"Father",943910,"worry",63,0.0667436514074435
"Father",943910,"terrible",56,0.0593276901399498
"Father",943910,"wonderful",54,0.057208844063523
"Father",943910,"horrible",53,0.0561494210253096
"Father",943910,"hate",50,0.0529711519106694
"Father",943910,"thirsty",50,0.0529711519106694
"Father",943910,"angry",48,0.0508523058342427
"Father",943910,"lucky",43,0.0455551906431757
"Father",943910,"sleepy",43,0.0455551906431757
"Father",943910,"worried",40,0.0423769215285356
"Father",943910,"stupid",33,0.0349609602610418
"Father",943910,"merry",30,0.0317826911464017
"Father",943910,"strange",30,0.0317826911464017
"Father",943910,"surprise",30,0.0317826911464017
"Father",943910,"upset",30,0.0317826911464017
"Father",943910,"low",29,0.0307232681081883
"Father",943910,"surprised",28,0.0296638450699749
"Father",943910,"awful",27,0.0286044220317615
"Father",943910,"friendly",27,0.0286044220317615
"Father",943910,"sore",27,0.0286044220317615
"Father",943910,"weird",24,0.0254261529171213
"Father",943910,"rotten",23,0.0243667298789079
"Father",943910,"safe",22,0.0233073068406946
"Father",943910,"confused",21,0.0222478838024812
"Father",943910,"serious",21,0.0222478838024812
"Father",943910,"sexy",21,0.0222478838024812
"Father",943910,"terrific",21,0.0222478838024812
"Father",943910,"violent",21,0.0222478838024812
"Father",943910,"frightened",19,0.0201290377260544
"Father",943910,"brave",18,0.019069614687841
"Father",943910,"comfortable",18,0.019069614687841
"Father",943910,"dizzy",18,0.019069614687841
"Father",943910,"doubt",18,0.019069614687841
"Father",943910,"interested",18,0.019069614687841
"Father",943910,"excited",16,0.0169507686114142
"Father",943910,"gentle",16,0.0169507686114142
"Father",943910,"enjoy",15,0.0158913455732008
"Father",943910,"unhappy",15,0.0158913455732008
"Father",943910,"certain",14,0.0148319225349874
"Father",943910,"lazy",14,0.0148319225349874
"Father",943910,"proud",14,0.0148319225349874
"Father",943910,"ridiculous",12,0.0127130764585607
"Father",943910,"selfish",12,0.0127130764585607
"Father",943910,"moved",11,0.0116536534203473
"Father",943910,"nervous",11,0.0116536534203473
"Father",943910,"pain",11,0.0116536534203473
"Father",943910,"touched",11,0.0116536534203473
"Father",943910,"trust",11,0.0116536534203473
"Father",943910,"bored",10,0.0105942303821339
"Father",943910,"calm",10,0.0105942303821339
"Father",943910,"patient",10,0.0105942303821339
"Father",943910,"pleasure",10,0.0105942303821339
"Father",943910,"shy",10,0.0105942303821339
"Father",943910,"cooperative",9,0.0095348073439205
"Father",943910,"generous",9,0.0095348073439205
"Father",943910,"powerful",9,0.0095348073439205
"Father",943910,"weak",9,0.0095348073439205
"Father",943910,"convinced",8,0.00847538430570711
"Father",943910,"happiness",8,0.00847538430570711
"Father",943910,"amazed",7,0.00741596126749372
"Father",943910,"appreciate",7,0.00741596126749372
"Father",943910,"jealous",7,0.00741596126749372
"Father",943910,"alert",6,0.00635653822928033
"Father",943910,"cheated",6,0.00635653822928033
"Father",943910,"curious",6,0.00635653822928033
"Father",943910,"foolish",6,0.00635653822928033
"Father",943910,"itchy",6,0.00635653822928033
"Father",943910,"lonely",6,0.00635653822928033
"Father",943910,"thankful",6,0.00635653822928033
"Father",943910,"anger",5,0.00529711519106695
"Father",943910,"greedy",5,0.00529711519106695
"Father",943910,"relief",5,0.00529711519106695
"Father",943910,"rested",5,0.00529711519106695
"Father",943910,"sadness",5,0.00529711519106695
"Father",943910,"shame",5,0.00529711519106695
"Father",943910,"shocked",5,0.00529711519106695
"Father",943910,"suspicion",5,0.00529711519106695
"Father",943910,"bitter",4,0.00423769215285356
"Father",943910,"careless",4,0.00423769215285356
"Father",943910,"frustrated",4,0.00423769215285356
"Father",943910,"impressed",4,0.00423769215285356
"Father",943910,"pity",4,0.00423769215285356
"Father",943910,"pleased",4,0.00423769215285356
"Father",943910,"tense",4,0.00423769215285356
"Father",943910,"terrified",4,0.00423769215285356
"Father",943910,"accept",3,0.00317826911464017
"Father",943910,"concerned",3,0.00317826911464017
"Father",943910,"despicable",3,0.00317826911464017
"Father",943910,"determined",3,0.00317826911464017
"Father",943910,"disappointed",3,0.00317826911464017
"Father",943910,"fascinated",3,0.00317826911464017
"Father",943910,"forgive",3,0.00317826911464017
"Father",943910,"grateful",3,0.00317826911464017
"Father",943910,"impatient",3,0.00317826911464017
"Father",943910,"joy",3,0.00317826911464017
"Father",943910,"lousy",3,0.00317826911464017
"Father",943910,"loving",3,0.00317826911464017
"Father",943910,"petrified",3,0.00317826911464017
"Father",943910,"relaxed",3,0.00317826911464017
"Father",943910,"sensitive",3,0.00317826911464017
"Father",943910,"abandoned",2,0.00211884607642678
"Father",943910,"alarm",2,0.00211884607642678
"Father",943910,"amusement",2,0.00211884607642678
"Father",943910,"anxious",2,0.00211884607642678
"Father",943910,"concern",2,0.00211884607642678
"Father",943910,"confidence",2,0.00211884607642678
"Father",943910,"confident",2,0.00211884607642678
"Father",943910,"critical",2,0.00211884607642678
"Father",943910,"crushed",2,0.00211884607642678
"Father",943910,"dislike",2,0.00211884607642678
"Father",943910,"eager",2,0.00211884607642678
"Father",943910,"exasperated",2,0.00211884607642678
"Father",943910,"exhausted",2,0.00211884607642678
"Father",943910,"faithful",2,0.00211884607642678
"Father",943910,"fear",2,0.00211884607642678
"Father",943910,"homesick",2,0.00211884607642678
"Father",943910,"ill",2,0.00211884607642678
"Father",943910,"irritated",2,0.00211884607642678
"Father",943910,"joyous",2,0.00211884607642678
"Father",943910,"marvelous",2,0.00211884607642678
"Father",943910,"mischievous",2,0.00211884607642678
"Father",943910,"miserable",2,0.00211884607642678
"Father",943910,"obstinate",2,0.00211884607642678
"Father",943910,"odd",2,0.00211884607642678
"Father",943910,"playful",2,0.00211884607642678
"Father",943910,"remorse",2,0.00211884607642678
"Father",943910,"satisfaction",2,0.00211884607642678
"Father",943910,"shock",2,0.00211884607642678
"Father",943910,"skeptical",2,0.00211884607642678
"Father",943910,"threatened",2,0.00211884607642678
"Father",943910,"abused",1,0.00105942303821339
"Father",943910,"affection",1,0.00105942303821339
"Father",943910,"affectionate",1,0.00105942303821339
"Father",943910,"agony",1,0.00105942303821339
"Father",943910,"alarmed",1,0.00105942303821339
"Father",943910,"annoyed",1,0.00105942303821339
"Father",943910,"argumentative",1,0.00105942303821339
"Father",943910,"attraction",1,0.00105942303821339
"Father",943910,"aware",1,0.00105942303821339
"Father",943910,"beaten",1,0.00105942303821339
"Father",943910,"cheered",1,0.00105942303821339
"Father",943910,"cruel",1,0.00105942303821339
"Father",943910,"defiant",1,0.00105942303821339
"Father",943910,"deflated",1,0.00105942303821339
"Father",943910,"delighted",1,0.00105942303821339
"Father",943910,"deprived",1,0.00105942303821339
"Father",943910,"disappointment",1,0.00105942303821339
"Father",943910,"discouraged",1,0.00105942303821339
"Father",943910,"distress",1,0.00105942303821339
"Father",943910,"dreary",1,0.00105942303821339
"Father",943910,"drowsy",1,0.00105942303821339
"Father",943910,"dull",1,0.00105942303821339
"Father",943910,"enthusiastic",1,0.00105942303821339
"Father",943910,"fatigue",1,0.00105942303821339
"Father",943910,"fond",1,0.00105942303821339
"Father",943910,"grief",1,0.00105942303821339
"Father",943910,"grouchy",1,0.00105942303821339
"Father",943910,"guilt",1,0.00105942303821339
"Father",943910,"guilty",1,0.00105942303821339
"Father",943910,"hunger",1,0.00105942303821339
"Father",943910,"interest",1,0.00105942303821339
"Father",943910,"intimate",1,0.00105942303821339
"Father",943910,"intimidated",1,0.00105942303821339
"Father",943910,"irritable",1,0.00105942303821339
"Father",943910,"numb",1,0.00105942303821339
"Father",943910,"offended",1,0.00105942303821339
"Father",943910,"overjoyed",1,0.00105942303821339
"Father",943910,"pathetic",1,0.00105942303821339
"Father",943910,"peculiar",1,0.00105942303821339
"Father",943910,"peeved",1,0.00105942303821339
"Father",943910,"phony",1,0.00105942303821339
"Father",943910,"pleasant",1,0.00105942303821339
"Father",943910,"pride",1,0.00105942303821339
"Father",943910,"regret",1,0.00105942303821339
"Father",943910,"relieved",1,0.00105942303821339
"Father",943910,"resent",1,0.00105942303821339
"Father",943910,"resigned",1,0.00105942303821339
"Father",943910,"respect",1,0.00105942303821339
"Father",943910,"scorn",1,0.00105942303821339
"Father",943910,"self-conscious",1,0.00105942303821339
"Father",943910,"shaken",1,0.00105942303821339
"Father",943910,"sincere",1,0.00105942303821339
"Father",943910,"spiteful",1,0.00105942303821339
"Father",943910,"stubborn",1,0.00105942303821339
"Father",943910,"stunned",1,0.00105942303821339
"Father",943910,"suffering",1,0.00105942303821339
"Father",943910,"suspense",1,0.00105942303821339
"Father",943910,"tender",1,0.00105942303821339
"Father",943910,"thirst",1,0.00105942303821339
"Father",943910,"uncomfortable",1,0.00105942303821339
"Father",943910,"unpleasant",1,0.00105942303821339
"Father",943910,"unprotected",1,0.00105942303821339
"Father",943910,"uptight",1,0.00105942303821339
"Father",943910,"vigor",1,0.00105942303821339
"Father",943910,"vigorous",1,0.00105942303821339
"Father",943910,"admiration",0,0
"Father",943910,"admire",0,0
"Father",943910,"adore",0,0
"Father",943910,"adventurous",0,0
"Father",943910,"aggravated",0,0
"Father",943910,"aggressive",0,0
"Father",943910,"aggrieved",0,0
"Father",943910,"agitated",0,0
"Father",943910,"agitation",0,0
"Father",943910,"alertness",0,0
"Father",943910,"aloof",0,0
"Father",943910,"amused",0,0
"Father",943910,"anguish",0,0
"Father",943910,"anguished",0,0
"Father",943910,"antagonistic",0,0
"Father",943910,"anxiety",0,0
"Father",943910,"apathetic",0,0
"Father",943910,"apathy",0,0
"Father",943910,"apologetic",0,0
"Father",943910,"appreciation",0,0
"Father",943910,"apprehensive",0,0
"Father",943910,"approve-of",0,0
"Father",943910,"arousal",0,0
"Father",943910,"aroused",0,0
"Father",943910,"arrogant",0,0
"Father",943910,"ashamed",0,0
"Father",943910,"astonished",0,0
"Father",943910,"at-ease",0,0
"Father",943910,"at-peace",0,0
"Father",943910,"attracted",0,0
"Father",943910,"attractive",0,0
"Father",943910,"aversion",0,0
"Father",943910,"awe",0,0
"Father",943910,"awestruck",0,0
"Father",943910,"baffled",0,0
"Father",943910,"beloved",0,0
"Father",943910,"benevolent",0,0
"Father",943910,"bereft",0,0
"Father",943910,"bewildered",0,0
"Father",943910,"bitchy",0,0
"Father",943910,"bold",0,0
"Father",943910,"boredom",0,0
"Father",943910,"breathless",0,0
"Father",943910,"brokenhearted",0,0
"Father",943910,"burdened",0,0
"Father",943910,"carefree",0,0
"Father",943910,"cautious",0,0
"Father",943910,"charitable",0,0
"Father",943910,"charmed",0,0
"Father",943910,"cheerful",0,0
"Father",943910,"cheerfulness",0,0
"Father",943910,"cheerless",0,0
"Father",943910,"compassion",0,0
"Father",943910,"compassionate",0,0
"Father",943910,"competent",0,0
"Father",943910,"competitive",0,0
"Father",943910,"complacent",0,0
"Father",943910,"conceit",0,0
"Father",943910,"conceited",0,0
"Father",943910,"confusion",0,0
"Father",943910,"conscientious",0,0
"Father",943910,"consolation",0,0
"Father",943910,"consoled",0,0
"Father",943910,"contempt",0,0
"Father",943910,"contemptible",0,0
"Father",943910,"contemptuous",0,0
"Father",943910,"contented",0,0
"Father",943910,"contentment",0,0
"Father",943910,"contrite",0,0
"Father",943910,"courage",0,0
"Father",943910,"courageous",0,0
"Father",943910,"cowardly",0,0
"Father",943910,"crabby",0,0
"Father",943910,"cruelty",0,0
"Father",943910,"curiosity",0,0
"Father",943910,"cynical",0,0
"Father",943910,"daring",0,0
"Father",943910,"dazed",0,0
"Father",943910,"defeated",0,0
"Father",943910,"defensive",0,0
"Father",943910,"degraded",0,0
"Father",943910,"dejected",0,0
"Father",943910,"dejection",0,0
"Father",943910,"delight",0,0
"Father",943910,"dependent",0,0
"Father",943910,"depressed",0,0
"Father",943910,"depression",0,0
"Father",943910,"desire",0,0
"Father",943910,"despair",0,0
"Father",943910,"desperate",0,0
"Father",943910,"despise",0,0
"Father",943910,"despondent",0,0
"Father",943910,"determination",0,0
"Father",943910,"detest",0,0
"Father",943910,"devoted",0,0
"Father",943910,"devotion",0,0
"Father",943910,"disagreeable",0,0
"Father",943910,"disapprove-of",0,0
"Father",943910,"discontented",0,0
"Father",943910,"disenchanted",0,0
"Father",943910,"disgraced",0,0
"Father",943910,"disgust",0,0
"Father",943910,"disgusted",0,0
"Father",943910,"disheartened",0,0
"Father",943910,"disillusioned",0,0
"Father",943910,"dismay",0,0
"Father",943910,"dismayed",0,0
"Father",943910,"displeased",0,0
"Father",943910,"dissatisfied",0,0
"Father",943910,"distressed",0,0
"Father",943910,"disturbed",0,0
"Father",943910,"dominated",0,0
"Father",943910,"doubtful",0,0
"Father",943910,"downhearted",0,0
"Father",943910,"dread",0,0
"Father",943910,"dreadful",0,0
"Father",943910,"droopy",0,0
"Father",943910,"earnest",0,0
"Father",943910,"ecstasy",0,0
"Father",943910,"ecstatic",0,0
"Father",943910,"elated",0,0
"Father",943910,"elation",0,0
"Father",943910,"embarrassed",0,0
"Father",943910,"embarrassment",0,0
"Father",943910,"emotional",0,0
"Father",943910,"empathy",0,0
"Father",943910,"encouraged",0,0
"Father",943910,"encouragement",0,0
"Father",943910,"energetic",0,0
"Father",943910,"enjoyment",0,0
"Father",943910,"enthusiasm",0,0
"Father",943910,"envious",0,0
"Father",943910,"envy",0,0
"Father",943910,"euphoria",0,0
"Father",943910,"euphoric",0,0
"Father",943910,"exasperation",0,0
"Father",943910,"excitement",0,0
"Father",943910,"exhaustion",0,0
"Father",943910,"expectant",0,0
"Father",943910,"faint",0,0
"Father",943910,"fascination",0,0
"Father",943910,"fatigued",0,0
"Father",943910,"fearful",0,0
"Father",943910,"fed-up",0,0
"Father",943910,"feverish",0,0
"Father",943910,"flabbergasted",0,0
"Father",943910,"fondness",0,0
"Father",943910,"friendliness",0,0
"Father",943910,"fright",0,0
"Father",943910,"frustration",0,0
"Father",943910,"fulfilled",0,0
"Father",943910,"furious",0,0
"Father",943910,"fury",0,0
"Father",943910,"gaiety",0,0
"Father",943910,"gleeful",0,0
"Father",943910,"gloomy",0,0
"Father",943910,"glorious",0,0
"Father",943910,"glum",0,0
"Father",943910,"gratified",0,0
"Father",943910,"gratitude",0,0
"Father",943910,"greed",0,0
"Father",943910,"grief-stricken",0,0
"Father",943910,"grieve",0,0
"Father",943910,"guiltless",0,0
"Father",943910,"hateful",0,0
"Father",943910,"hazy",0,0
"Father",943910,"heart-stricken",0,0
"Father",943910,"heartbroken",0,0
"Father",943910,"heartened",0,0
"Father",943910,"heartsick",0,0
"Father",943910,"heartsore",0,0
"Father",943910,"heavy-hearted",0,0
"Father",943910,"helpless",0,0
"Father",943910,"hesitant",0,0
"Father",943910,"hopeful",0,0
"Father",943910,"hopeless",0,0
"Father",943910,"hopelessness",0,0
"Father",943910,"horrified",0,0
"Father",943910,"horror",0,0
"Father",943910,"hostile",0,0
"Father",943910,"hostility",0,0
"Father",943910,"humble",0,0
"Father",943910,"humiliated",0,0
"Father",943910,"humiliation",0,0
"Father",943910,"hung-up",0,0
"Father",943910,"ignored",0,0
"Father",943910,"ill-at-ease",0,0
"Father",943910,"impatience",0,0
"Father",943910,"impotent",0,0
"Father",943910,"in-love",0,0
"Father",943910,"inadequate",0,0
"Father",943910,"incensed",0,0
"Father",943910,"incredulous",0,0
"Father",943910,"indifference",0,0
"Father",943910,"indifferent",0,0
"Father",943910,"indignant",0,0
"Father",943910,"ineffective",0,0
"Father",943910,"infatuated",0,0
"Father",943910,"infatuation",0,0
"Father",943910,"inferior",0,0
"Father",943910,"inhibited",0,0
"Father",943910,"insecure",0,0
"Father",943910,"inspiration",0,0
"Father",943910,"inspired",0,0
"Father",943910,"insulted",0,0
"Father",943910,"irate",0,0
"Father",943910,"irked",0,0
"Father",943910,"irritation",0,0
"Father",943910,"isolated",0,0
"Father",943910,"jealousy",0,0
"Father",943910,"jittery",0,0
"Father",943910,"joyful",0,0
"Father",943910,"joyless",0,0
"Father",943910,"jubilant",0,0
"Father",943910,"lighthearted",0,0
"Father",943910,"lively",0,0
"Father",943910,"livid",0,0
"Father",943910,"loathe",0,0
"Father",943910,"loneliness",0,0
"Father",943910,"lonesome",0,0
"Father",943910,"longing",0,0
"Father",943910,"lovable",0,0
"Father",943910,"lovesick",0,0
"Father",943910,"lust",0,0
"Father",943910,"malice",0,0
"Father",943910,"malicious",0,0
"Father",943910,"meek",0,0
"Father",943910,"melancholy",0,0
"Father",943910,"misery",0,0
"Father",943910,"mistreated",0,0
"Father",943910,"mixed-up",0,0
"Father",943910,"modest",0,0
"Father",943910,"modesty",0,0
"Father",943910,"mortified",0,0
"Father",943910,"mournful",0,0
"Father",943910,"nauseous",0,0
"Father",943910,"neglected",0,0
"Father",943910,"nervousness",0,0
"Father",943910,"nonchalant",0,0
"Father",943910,"nostalgia",0,0
"Father",943910,"nostalgic",0,0
"Father",943910,"on-edge",0,0
"Father",943910,"oppressed",0,0
"Father",943910,"optimism",0,0
"Father",943910,"optimistic",0,0
"Father",943910,"outrage",0,0
"Father",943910,"outraged",0,0
"Father",943910,"overconfident",0,0
"Father",943910,"overwhelmed",0,0
"Father",943910,"pained",0,0
"Father",943910,"panic",0,0
"Father",943910,"passion",0,0
"Father",943910,"passionate",0,0
"Father",943910,"peaceful",0,0
"Father",943910,"perplexed",0,0
"Father",943910,"persecuted",0,0
"Father",943910,"pessimism",0,0
"Father",943910,"pessimistic",0,0
"Father",943910,"petty",0,0
"Father",943910,"pining",0,0
"Father",943910,"pissed-off",0,0
"Father",943910,"pitiful",0,0
"Father",943910,"placid",0,0
"Father",943910,"prejudiced",0,0
"Father",943910,"protective",0,0
"Father",943910,"purposeful",0,0
"Father",943910,"rage",0,0
"Father",943910,"reassurance",0,0
"Father",943910,"reassured",0,0
"Father",943910,"rebellious",0,0
"Father",943910,"reckless",0,0
"Father",943910,"refreshed",0,0
"Father",943910,"repentant",0,0
"Father",943910,"resentful",0,0
"Father",943910,"resentment",0,0
"Father",943910,"restless",0,0
"Father",943910,"reverence",0,0
"Father",943910,"revived",0,0
"Father",943910,"rigid",0,0
"Father",943910,"sarcastic",0,0
"Father",943910,"satisfied",0,0
"Father",943910,"scornful",0,0
"Father",943910,"secure",0,0
"Father",943910,"self-centered",0,0
"Father",943910,"self-confident",0,0
"Father",943910,"self-destructive",0,0
"Father",943910,"self-pity",0,0
"Father",943910,"self-satisfaction",0,0
"Father",943910,"self-satisfied",0,0
"Father",943910,"sentimental",0,0
"Father",943910,"serene",0,0
"Father",943910,"serenity",0,0
"Father",943910,"shook-up",0,0
"Father",943910,"sick-at-heart",0,0
"Father",943910,"sickened",0,0
"Father",943910,"sleepiness",0,0
"Father",943910,"slighted",0,0
"Father",943910,"sluggish",0,0
"Father",943910,"smug",0,0
"Father",943910,"solemn",0,0
"Father",943910,"solemnity",0,0
"Father",943910,"soothed",0,0
"Father",943910,"sorrow",0,0
"Father",943910,"startled",0,0
"Father",943910,"successful",0,0
"Father",943910,"superior",0,0
"Father",943910,"suspicious",0,0
"Father",943910,"sympathetic",0,0
"Father",943910,"sympathy",0,0
"Father",943910,"terror",0,0
"Father",943910,"thrilled",0,0
"Father",943910,"thwarted",0,0
"Father",943910,"timid",0,0
"Father",943910,"tingly",0,0
"Father",943910,"tolerant",0,0
"Father",943910,"tormented",0,0
"Father",943910,"triumphant",0,0
"Father",943910,"troubled",0,0
"Father",943910,"trustworthy",0,0
"Father",943910,"unattractive",0,0
"Father",943910,"uncared-for",0,0
"Father",943910,"uncertain",0,0
"Father",943910,"uncooperative",0,0
"Father",943910,"uneasy",0,0
"Father",943910,"unfaithful",0,0
"Father",943910,"unfriendly",0,0
"Father",943910,"unfulfilled",0,0
"Father",943910,"unimportant",0,0
"Father",943910,"uninterested",0,0
"Father",943910,"unlovable",0,0
"Father",943910,"untroubled",0,0
"Father",943910,"untrustworthy",0,0
"Father",943910,"unworried",0,0
"Father",943910,"useless",0,0
"Father",943910,"vain",0,0
"Father",943910,"vanity",0,0
"Father",943910,"vengeful",0,0
"Father",943910,"virtue",0,0
"Father",943910,"virtuous",0,0
"Father",943910,"vulnerable",0,0
"Father",943910,"warmhearted",0,0
"Father",943910,"weary",0,0
"Father",943910,"willful",0,0
"Father",943910,"woe-stricken",0,0
"Father",943910,"yearning",0,0
"Known Adult",232680,"emotion_count",5292,22.7436823104693
"Known Adult",232680,"like",1256,5.39797146295341
"Known Adult",232680,"good",850,3.65308578304968
"Known Adult",232680,"well",723,3.10727178958226
"Known Adult",232680,"want",669,2.8751933986591
"Known Adult",232680,"sure",188,0.807976620250988
"Known Adult",232680,"kind",166,0.713426164689703
"Known Adult",232680,"bad",71,0.30514010658415
"Known Adult",232680,"happy",71,0.30514010658415
"Known Adult",232680,"love",67,0.287949114663916
"Known Adult",232680,"blue",64,0.275055870723741
"Known Adult",232680,"hurt",64,0.275055870723741
"Known Adult",232680,"sorry",57,0.244971634863332
"Known Adult",232680,"careful",51,0.219185146982981
"Known Adult",232680,"hungry",51,0.219185146982981
"Known Adult",232680,"alone",50,0.214887399002922
"Known Adult",232680,"funny",49,0.210589651022864
"Known Adult",232680,"mad",49,0.210589651022864
"Known Adult",232680,"fine",48,0.206291903042806
"Known Adult",232680,"hope",37,0.159016675262163
"Known Adult",232680,"quiet",37,0.159016675262163
"Known Adult",232680,"wonder",29,0.124634691421695
"Known Adult",232680,"sad",27,0.116039195461578
"Known Adult",232680,"silly",27,0.116039195461578
"Known Adult",232680,"lost",25,0.107443699501461
"Known Adult",232680,"strong",25,0.107443699501461
"Known Adult",232680,"high",24,0.103145951521403
"Known Adult",232680,"worry",21,0.0902527075812274
"Known Adult",232680,"sick",20,0.085954959601169
"Known Adult",232680,"warm",20,0.085954959601169
"Known Adult",232680,"welcome",19,0.0816572116211105
"Known Adult",232680,"lucky",17,0.0730617156609936
"Known Adult",232680,"odd",17,0.0730617156609936
"Known Adult",232680,"tired",16,0.0687639676809352
"Known Adult",232680,"wonderful",16,0.0687639676809352
"Known Adult",232680,"hate",15,0.0644662197008767
"Known Adult",232680,"surprise",15,0.0644662197008767
"Known Adult",232680,"terrific",15,0.0644662197008767
"Known Adult",232680,"interested",14,0.0601684717208183
"Known Adult",232680,"moved",14,0.0601684717208183
"Known Adult",232680,"scared",14,0.0601684717208183
"Known Adult",232680,"unhappy",13,0.0558707237407598
"Known Adult",232680,"afraid",10,0.0429774798005845
"Known Adult",232680,"crazy",10,0.0429774798005845
"Known Adult",232680,"curious",9,0.038679731820526
"Known Adult",232680,"sleepy",9,0.038679731820526
"Known Adult",232680,"terrible",9,0.038679731820526
"Known Adult",232680,"angry",8,0.0343819838404676
"Known Adult",232680,"brave",8,0.0343819838404676
"Known Adult",232680,"enjoy",8,0.0343819838404676
"Known Adult",232680,"friendly",8,0.0343819838404676
"Known Adult",232680,"surprised",8,0.0343819838404676
"Known Adult",232680,"touched",8,0.0343819838404676
"Known Adult",232680,"glad",7,0.0300842358604091
"Known Adult",232680,"stupid",7,0.0300842358604091
"Known Adult",232680,"horrible",6,0.0257864878803507
"Known Adult",232680,"low",6,0.0257864878803507
"Known Adult",232680,"meek",6,0.0257864878803507
"Known Adult",232680,"safe",6,0.0257864878803507
"Known Adult",232680,"strange",6,0.0257864878803507
"Known Adult",232680,"worried",6,0.0257864878803507
"Known Adult",232680,"awful",5,0.0214887399002922
"Known Adult",232680,"sore",5,0.0214887399002922
"Known Adult",232680,"upset",5,0.0214887399002922
"Known Adult",232680,"comfortable",4,0.0171909919202338
"Known Adult",232680,"excited",4,0.0171909919202338
"Known Adult",232680,"lonely",4,0.0171909919202338
"Known Adult",232680,"pride",4,0.0171909919202338
"Known Adult",232680,"serious",4,0.0171909919202338
"Known Adult",232680,"weird",4,0.0171909919202338
"Known Adult",232680,"anxious",3,0.0128932439401753
"Known Adult",232680,"gentle",3,0.0128932439401753
"Known Adult",232680,"marvelous",3,0.0128932439401753
"Known Adult",232680,"pain",3,0.0128932439401753
"Known Adult",232680,"patient",3,0.0128932439401753
"Known Adult",232680,"pleasure",3,0.0128932439401753
"Known Adult",232680,"ridiculous",3,0.0128932439401753
"Known Adult",232680,"shocked",3,0.0128932439401753
"Known Adult",232680,"thirsty",3,0.0128932439401753
"Known Adult",232680,"accept",2,0.0085954959601169
"Known Adult",232680,"anger",2,0.0085954959601169
"Known Adult",232680,"cautious",2,0.0085954959601169
"Known Adult",232680,"concerned",2,0.0085954959601169
"Known Adult",232680,"cooperative",2,0.0085954959601169
"Known Adult",232680,"fear",2,0.0085954959601169
"Known Adult",232680,"frightened",2,0.0085954959601169
"Known Adult",232680,"lazy",2,0.0085954959601169
"Known Adult",232680,"merry",2,0.0085954959601169
"Known Adult",232680,"proud",2,0.0085954959601169
"Known Adult",232680,"shame",2,0.0085954959601169
"Known Adult",232680,"shock",2,0.0085954959601169
"Known Adult",232680,"shy",2,0.0085954959601169
"Known Adult",232680,"alarm",1,0.00429774798005845
"Known Adult",232680,"annoyed",1,0.00429774798005845
"Known Adult",232680,"appreciate",1,0.00429774798005845
"Known Adult",232680,"ashamed",1,0.00429774798005845
"Known Adult",232680,"attracted",1,0.00429774798005845
"Known Adult",232680,"bitter",1,0.00429774798005845
"Known Adult",232680,"bored",1,0.00429774798005845
"Known Adult",232680,"calm",1,0.00429774798005845
"Known Adult",232680,"certain",1,0.00429774798005845
"Known Adult",232680,"confused",1,0.00429774798005845
"Known Adult",232680,"confusion",1,0.00429774798005845
"Known Adult",232680,"desperate",1,0.00429774798005845
"Known Adult",232680,"determined",1,0.00429774798005845
"Known Adult",232680,"disagreeable",1,0.00429774798005845
"Known Adult",232680,"doubt",1,0.00429774798005845
"Known Adult",232680,"dreary",1,0.00429774798005845
"Known Adult",232680,"exhausted",1,0.00429774798005845
"Known Adult",232680,"fascinated",1,0.00429774798005845
"Known Adult",232680,"generous",1,0.00429774798005845
"Known Adult",232680,"insulted",1,0.00429774798005845
"Known Adult",232680,"interest",1,0.00429774798005845
"Known Adult",232680,"joy",1,0.00429774798005845
"Known Adult",232680,"miserable",1,0.00429774798005845
"Known Adult",232680,"peaceful",1,0.00429774798005845
"Known Adult",232680,"phony",1,0.00429774798005845
"Known Adult",232680,"pity",1,0.00429774798005845
"Known Adult",232680,"pleasant",1,0.00429774798005845
"Known Adult",232680,"respect",1,0.00429774798005845
"Known Adult",232680,"restless",1,0.00429774798005845
"Known Adult",232680,"selfish",1,0.00429774798005845
"Known Adult",232680,"successful",1,0.00429774798005845
"Known Adult",232680,"terror",1,0.00429774798005845
"Known Adult",232680,"threatened",1,0.00429774798005845
"Known Adult",232680,"weak",1,0.00429774798005845
"Known Adult",232680,"abandoned",0,0
"Known Adult",232680,"abused",0,0
"Known Adult",232680,"admiration",0,0
"Known Adult",232680,"admire",0,0
"Known Adult",232680,"adore",0,0
"Known Adult",232680,"adventurous",0,0
"Known Adult",232680,"affection",0,0
"Known Adult",232680,"affectionate",0,0
"Known Adult",232680,"aggravated",0,0
"Known Adult",232680,"aggressive",0,0
"Known Adult",232680,"aggrieved",0,0
"Known Adult",232680,"agitated",0,0
"Known Adult",232680,"agitation",0,0
"Known Adult",232680,"agony",0,0
"Known Adult",232680,"alarmed",0,0
"Known Adult",232680,"alert",0,0
"Known Adult",232680,"alertness",0,0
"Known Adult",232680,"aloof",0,0
"Known Adult",232680,"amazed",0,0
"Known Adult",232680,"amused",0,0
"Known Adult",232680,"amusement",0,0
"Known Adult",232680,"anguish",0,0
"Known Adult",232680,"anguished",0,0
"Known Adult",232680,"antagonistic",0,0
"Known Adult",232680,"anxiety",0,0
"Known Adult",232680,"apathetic",0,0
"Known Adult",232680,"apathy",0,0
"Known Adult",232680,"apologetic",0,0
"Known Adult",232680,"appreciation",0,0
"Known Adult",232680,"apprehensive",0,0
"Known Adult",232680,"approve-of",0,0
"Known Adult",232680,"argumentative",0,0
"Known Adult",232680,"arousal",0,0
"Known Adult",232680,"aroused",0,0
"Known Adult",232680,"arrogant",0,0
"Known Adult",232680,"astonished",0,0
"Known Adult",232680,"at-ease",0,0
"Known Adult",232680,"at-peace",0,0
"Known Adult",232680,"attraction",0,0
"Known Adult",232680,"attractive",0,0
"Known Adult",232680,"aversion",0,0
"Known Adult",232680,"aware",0,0
"Known Adult",232680,"awe",0,0
"Known Adult",232680,"awestruck",0,0
"Known Adult",232680,"baffled",0,0
"Known Adult",232680,"beaten",0,0
"Known Adult",232680,"beloved",0,0
"Known Adult",232680,"benevolent",0,0
"Known Adult",232680,"bereft",0,0
"Known Adult",232680,"bewildered",0,0
"Known Adult",232680,"bitchy",0,0
"Known Adult",232680,"bold",0,0
"Known Adult",232680,"boredom",0,0
"Known Adult",232680,"breathless",0,0
"Known Adult",232680,"brokenhearted",0,0
"Known Adult",232680,"burdened",0,0
"Known Adult",232680,"carefree",0,0
"Known Adult",232680,"careless",0,0
"Known Adult",232680,"charitable",0,0
"Known Adult",232680,"charmed",0,0
"Known Adult",232680,"cheated",0,0
"Known Adult",232680,"cheered",0,0
"Known Adult",232680,"cheerful",0,0
"Known Adult",232680,"cheerfulness",0,0
"Known Adult",232680,"cheerless",0,0
"Known Adult",232680,"compassion",0,0
"Known Adult",232680,"compassionate",0,0
"Known Adult",232680,"competent",0,0
"Known Adult",232680,"competitive",0,0
"Known Adult",232680,"complacent",0,0
"Known Adult",232680,"conceit",0,0
"Known Adult",232680,"conceited",0,0
"Known Adult",232680,"concern",0,0
"Known Adult",232680,"confidence",0,0
"Known Adult",232680,"confident",0,0
"Known Adult",232680,"conscientious",0,0
"Known Adult",232680,"consolation",0,0
"Known Adult",232680,"consoled",0,0
"Known Adult",232680,"contempt",0,0
"Known Adult",232680,"contemptible",0,0
"Known Adult",232680,"contemptuous",0,0
"Known Adult",232680,"contented",0,0
"Known Adult",232680,"contentment",0,0
"Known Adult",232680,"contrite",0,0
"Known Adult",232680,"convinced",0,0
"Known Adult",232680,"courage",0,0
"Known Adult",232680,"courageous",0,0
"Known Adult",232680,"cowardly",0,0
"Known Adult",232680,"crabby",0,0
"Known Adult",232680,"critical",0,0
"Known Adult",232680,"cruel",0,0
"Known Adult",232680,"cruelty",0,0
"Known Adult",232680,"crushed",0,0
"Known Adult",232680,"curiosity",0,0
"Known Adult",232680,"cynical",0,0
"Known Adult",232680,"daring",0,0
"Known Adult",232680,"dazed",0,0
"Known Adult",232680,"defeated",0,0
"Known Adult",232680,"defensive",0,0
"Known Adult",232680,"defiant",0,0
"Known Adult",232680,"deflated",0,0
"Known Adult",232680,"degraded",0,0
"Known Adult",232680,"dejected",0,0
"Known Adult",232680,"dejection",0,0
"Known Adult",232680,"delight",0,0
"Known Adult",232680,"delighted",0,0
"Known Adult",232680,"dependent",0,0
"Known Adult",232680,"depressed",0,0
"Known Adult",232680,"depression",0,0
"Known Adult",232680,"deprived",0,0
"Known Adult",232680,"desire",0,0
"Known Adult",232680,"despair",0,0
"Known Adult",232680,"despicable",0,0
"Known Adult",232680,"despise",0,0
"Known Adult",232680,"despondent",0,0
"Known Adult",232680,"determination",0,0
"Known Adult",232680,"detest",0,0
"Known Adult",232680,"devoted",0,0
"Known Adult",232680,"devotion",0,0
"Known Adult",232680,"disappointed",0,0
"Known Adult",232680,"disappointment",0,0
"Known Adult",232680,"disapprove-of",0,0
"Known Adult",232680,"discontented",0,0
"Known Adult",232680,"discouraged",0,0
"Known Adult",232680,"disenchanted",0,0
"Known Adult",232680,"disgraced",0,0
"Known Adult",232680,"disgust",0,0
"Known Adult",232680,"disgusted",0,0
"Known Adult",232680,"disheartened",0,0
"Known Adult",232680,"disillusioned",0,0
"Known Adult",232680,"dislike",0,0
"Known Adult",232680,"dismay",0,0
"Known Adult",232680,"dismayed",0,0
"Known Adult",232680,"displeased",0,0
"Known Adult",232680,"dissatisfied",0,0
"Known Adult",232680,"distress",0,0
"Known Adult",232680,"distressed",0,0
"Known Adult",232680,"disturbed",0,0
"Known Adult",232680,"dizzy",0,0
"Known Adult",232680,"dominated",0,0
"Known Adult",232680,"doubtful",0,0
"Known Adult",232680,"downhearted",0,0
"Known Adult",232680,"dread",0,0
"Known Adult",232680,"dreadful",0,0
"Known Adult",232680,"droopy",0,0
"Known Adult",232680,"drowsy",0,0
"Known Adult",232680,"dull",0,0
"Known Adult",232680,"eager",0,0
"Known Adult",232680,"earnest",0,0
"Known Adult",232680,"ecstasy",0,0
"Known Adult",232680,"ecstatic",0,0
"Known Adult",232680,"elated",0,0
"Known Adult",232680,"elation",0,0
"Known Adult",232680,"embarrassed",0,0
"Known Adult",232680,"embarrassment",0,0
"Known Adult",232680,"emotional",0,0
"Known Adult",232680,"empathy",0,0
"Known Adult",232680,"encouraged",0,0
"Known Adult",232680,"encouragement",0,0
"Known Adult",232680,"energetic",0,0
"Known Adult",232680,"enjoyment",0,0
"Known Adult",232680,"enthusiasm",0,0
"Known Adult",232680,"enthusiastic",0,0
"Known Adult",232680,"envious",0,0
"Known Adult",232680,"envy",0,0
"Known Adult",232680,"euphoria",0,0
"Known Adult",232680,"euphoric",0,0
"Known Adult",232680,"exasperated",0,0
"Known Adult",232680,"exasperation",0,0
"Known Adult",232680,"excitement",0,0
"Known Adult",232680,"exhaustion",0,0
"Known Adult",232680,"expectant",0,0
"Known Adult",232680,"faint",0,0
"Known Adult",232680,"faithful",0,0
"Known Adult",232680,"fascination",0,0
"Known Adult",232680,"fatigue",0,0
"Known Adult",232680,"fatigued",0,0
"Known Adult",232680,"fearful",0,0
"Known Adult",232680,"fed-up",0,0
"Known Adult",232680,"feverish",0,0
"Known Adult",232680,"flabbergasted",0,0
"Known Adult",232680,"fond",0,0
"Known Adult",232680,"fondness",0,0
"Known Adult",232680,"foolish",0,0
"Known Adult",232680,"forgive",0,0
"Known Adult",232680,"friendliness",0,0
"Known Adult",232680,"fright",0,0
"Known Adult",232680,"frustrated",0,0
"Known Adult",232680,"frustration",0,0
"Known Adult",232680,"fulfilled",0,0
"Known Adult",232680,"furious",0,0
"Known Adult",232680,"fury",0,0
"Known Adult",232680,"gaiety",0,0
"Known Adult",232680,"gleeful",0,0
"Known Adult",232680,"gloomy",0,0
"Known Adult",232680,"glorious",0,0
"Known Adult",232680,"glum",0,0
"Known Adult",232680,"grateful",0,0
"Known Adult",232680,"gratified",0,0
"Known Adult",232680,"gratitude",0,0
"Known Adult",232680,"greed",0,0
"Known Adult",232680,"greedy",0,0
"Known Adult",232680,"grief",0,0
"Known Adult",232680,"grief-stricken",0,0
"Known Adult",232680,"grieve",0,0
"Known Adult",232680,"grouchy",0,0
"Known Adult",232680,"guilt",0,0
"Known Adult",232680,"guiltless",0,0
"Known Adult",232680,"guilty",0,0
"Known Adult",232680,"happiness",0,0
"Known Adult",232680,"hateful",0,0
"Known Adult",232680,"hazy",0,0
"Known Adult",232680,"heart-stricken",0,0
"Known Adult",232680,"heartbroken",0,0
"Known Adult",232680,"heartened",0,0
"Known Adult",232680,"heartsick",0,0
"Known Adult",232680,"heartsore",0,0
"Known Adult",232680,"heavy-hearted",0,0
"Known Adult",232680,"helpless",0,0
"Known Adult",232680,"hesitant",0,0
"Known Adult",232680,"homesick",0,0
"Known Adult",232680,"hopeful",0,0
"Known Adult",232680,"hopeless",0,0
"Known Adult",232680,"hopelessness",0,0
"Known Adult",232680,"horrified",0,0
"Known Adult",232680,"horror",0,0
"Known Adult",232680,"hostile",0,0
"Known Adult",232680,"hostility",0,0
"Known Adult",232680,"humble",0,0
"Known Adult",232680,"humiliated",0,0
"Known Adult",232680,"humiliation",0,0
"Known Adult",232680,"hung-up",0,0
"Known Adult",232680,"hunger",0,0
"Known Adult",232680,"ignored",0,0
"Known Adult",232680,"ill",0,0
"Known Adult",232680,"ill-at-ease",0,0
"Known Adult",232680,"impatience",0,0
"Known Adult",232680,"impatient",0,0
"Known Adult",232680,"impotent",0,0
"Known Adult",232680,"impressed",0,0
"Known Adult",232680,"in-love",0,0
"Known Adult",232680,"inadequate",0,0
"Known Adult",232680,"incensed",0,0
"Known Adult",232680,"incredulous",0,0
"Known Adult",232680,"indifference",0,0
"Known Adult",232680,"indifferent",0,0
"Known Adult",232680,"indignant",0,0
"Known Adult",232680,"ineffective",0,0
"Known Adult",232680,"infatuated",0,0
"Known Adult",232680,"infatuation",0,0
"Known Adult",232680,"inferior",0,0
"Known Adult",232680,"inhibited",0,0
"Known Adult",232680,"insecure",0,0
"Known Adult",232680,"inspiration",0,0
"Known Adult",232680,"inspired",0,0
"Known Adult",232680,"intimate",0,0
"Known Adult",232680,"intimidated",0,0
"Known Adult",232680,"irate",0,0
"Known Adult",232680,"irked",0,0
"Known Adult",232680,"irritable",0,0
"Known Adult",232680,"irritated",0,0
"Known Adult",232680,"irritation",0,0
"Known Adult",232680,"isolated",0,0
"Known Adult",232680,"itchy",0,0
"Known Adult",232680,"jealous",0,0
"Known Adult",232680,"jealousy",0,0
"Known Adult",232680,"jittery",0,0
"Known Adult",232680,"joyful",0,0
"Known Adult",232680,"joyless",0,0
"Known Adult",232680,"joyous",0,0
"Known Adult",232680,"jubilant",0,0
"Known Adult",232680,"lighthearted",0,0
"Known Adult",232680,"lively",0,0
"Known Adult",232680,"livid",0,0
"Known Adult",232680,"loathe",0,0
"Known Adult",232680,"loneliness",0,0
"Known Adult",232680,"lonesome",0,0
"Known Adult",232680,"longing",0,0
"Known Adult",232680,"lousy",0,0
"Known Adult",232680,"lovable",0,0
"Known Adult",232680,"lovesick",0,0
"Known Adult",232680,"loving",0,0
"Known Adult",232680,"lust",0,0
"Known Adult",232680,"malice",0,0
"Known Adult",232680,"malicious",0,0
"Known Adult",232680,"melancholy",0,0
"Known Adult",232680,"mischievous",0,0
"Known Adult",232680,"misery",0,0
"Known Adult",232680,"mistreated",0,0
"Known Adult",232680,"mixed-up",0,0
"Known Adult",232680,"modest",0,0
"Known Adult",232680,"modesty",0,0
"Known Adult",232680,"mortified",0,0
"Known Adult",232680,"mournful",0,0
"Known Adult",232680,"nauseous",0,0
"Known Adult",232680,"neglected",0,0
"Known Adult",232680,"nervous",0,0
"Known Adult",232680,"nervousness",0,0
"Known Adult",232680,"nonchalant",0,0
"Known Adult",232680,"nostalgia",0,0
"Known Adult",232680,"nostalgic",0,0
"Known Adult",232680,"numb",0,0
"Known Adult",232680,"obstinate",0,0
"Known Adult",232680,"offended",0,0
"Known Adult",232680,"on-edge",0,0
"Known Adult",232680,"oppressed",0,0
"Known Adult",232680,"optimism",0,0
"Known Adult",232680,"optimistic",0,0
"Known Adult",232680,"outrage",0,0
"Known Adult",232680,"outraged",0,0
"Known Adult",232680,"overconfident",0,0
"Known Adult",232680,"overjoyed",0,0
"Known Adult",232680,"overwhelmed",0,0
"Known Adult",232680,"pained",0,0
"Known Adult",232680,"panic",0,0
"Known Adult",232680,"passion",0,0
"Known Adult",232680,"passionate",0,0
"Known Adult",232680,"pathetic",0,0
"Known Adult",232680,"peculiar",0,0
"Known Adult",232680,"peeved",0,0
"Known Adult",232680,"perplexed",0,0
"Known Adult",232680,"persecuted",0,0
"Known Adult",232680,"pessimism",0,0
"Known Adult",232680,"pessimistic",0,0
"Known Adult",232680,"petrified",0,0
"Known Adult",232680,"petty",0,0
"Known Adult",232680,"pining",0,0
"Known Adult",232680,"pissed-off",0,0
"Known Adult",232680,"pitiful",0,0
"Known Adult",232680,"placid",0,0
"Known Adult",232680,"playful",0,0
"Known Adult",232680,"pleased",0,0
"Known Adult",232680,"powerful",0,0
"Known Adult",232680,"prejudiced",0,0
"Known Adult",232680,"protective",0,0
"Known Adult",232680,"purposeful",0,0
"Known Adult",232680,"rage",0,0
"Known Adult",232680,"reassurance",0,0
"Known Adult",232680,"reassured",0,0
"Known Adult",232680,"rebellious",0,0
"Known Adult",232680,"reckless",0,0
"Known Adult",232680,"refreshed",0,0
"Known Adult",232680,"regret",0,0
"Known Adult",232680,"relaxed",0,0
"Known Adult",232680,"relief",0,0
"Known Adult",232680,"relieved",0,0
"Known Adult",232680,"remorse",0,0
"Known Adult",232680,"repentant",0,0
"Known Adult",232680,"resent",0,0
"Known Adult",232680,"resentful",0,0
"Known Adult",232680,"resentment",0,0
"Known Adult",232680,"resigned",0,0
"Known Adult",232680,"rested",0,0
"Known Adult",232680,"reverence",0,0
"Known Adult",232680,"revived",0,0
"Known Adult",232680,"rigid",0,0
"Known Adult",232680,"rotten",0,0
"Known Adult",232680,"sadness",0,0
"Known Adult",232680,"sarcastic",0,0
"Known Adult",232680,"satisfaction",0,0
"Known Adult",232680,"satisfied",0,0
"Known Adult",232680,"scorn",0,0
"Known Adult",232680,"scornful",0,0
"Known Adult",232680,"secure",0,0
"Known Adult",232680,"self-centered",0,0
"Known Adult",232680,"self-confident",0,0
"Known Adult",232680,"self-conscious",0,0
"Known Adult",232680,"self-destructive",0,0
"Known Adult",232680,"self-pity",0,0
"Known Adult",232680,"self-satisfaction",0,0
"Known Adult",232680,"self-satisfied",0,0
"Known Adult",232680,"sensitive",0,0
"Known Adult",232680,"sentimental",0,0
"Known Adult",232680,"serene",0,0
"Known Adult",232680,"serenity",0,0
"Known Adult",232680,"sexy",0,0
"Known Adult",232680,"shaken",0,0
"Known Adult",232680,"shook-up",0,0
"Known Adult",232680,"sick-at-heart",0,0
"Known Adult",232680,"sickened",0,0
"Known Adult",232680,"sincere",0,0
"Known Adult",232680,"skeptical",0,0
"Known Adult",232680,"sleepiness",0,0
"Known Adult",232680,"slighted",0,0
"Known Adult",232680,"sluggish",0,0
"Known Adult",232680,"smug",0,0
"Known Adult",232680,"solemn",0,0
"Known Adult",232680,"solemnity",0,0
"Known Adult",232680,"soothed",0,0
"Known Adult",232680,"sorrow",0,0
"Known Adult",232680,"spiteful",0,0
"Known Adult",232680,"startled",0,0
"Known Adult",232680,"stubborn",0,0
"Known Adult",232680,"stunned",0,0
"Known Adult",232680,"suffering",0,0
"Known Adult",232680,"superior",0,0
"Known Adult",232680,"suspense",0,0
"Known Adult",232680,"suspicion",0,0
"Known Adult",232680,"suspicious",0,0
"Known Adult",232680,"sympathetic",0,0
"Known Adult",232680,"sympathy",0,0
"Known Adult",232680,"tender",0,0
"Known Adult",232680,"tense",0,0
"Known Adult",232680,"terrified",0,0
"Known Adult",232680,"thankful",0,0
"Known Adult",232680,"thirst",0,0
"Known Adult",232680,"thrilled",0,0
"Known Adult",232680,"thwarted",0,0
"Known Adult",232680,"timid",0,0
"Known Adult",232680,"tingly",0,0
"Known Adult",232680,"tolerant",0,0
"Known Adult",232680,"tormented",0,0
"Known Adult",232680,"triumphant",0,0
"Known Adult",232680,"troubled",0,0
"Known Adult",232680,"trust",0,0
"Known Adult",232680,"trustworthy",0,0
"Known Adult",232680,"unattractive",0,0
"Known Adult",232680,"uncared-for",0,0
"Known Adult",232680,"uncertain",0,0
"Known Adult",232680,"uncomfortable",0,0
"Known Adult",232680,"uncooperative",0,0
"Known Adult",232680,"uneasy",0,0
"Known Adult",232680,"unfaithful",0,0
"Known Adult",232680,"unfriendly",0,0
"Known Adult",232680,"unfulfilled",0,0
"Known Adult",232680,"unimportant",0,0
"Known Adult",232680,"uninterested",0,0
"Known Adult",232680,"unlovable",0,0
"Known Adult",232680,"unpleasant",0,0
"Known Adult",232680,"unprotected",0,0
"Known Adult",232680,"untroubled",0,0
"Known Adult",232680,"untrustworthy",0,0
"Known Adult",232680,"unworried",0,0
"Known Adult",232680,"uptight",0,0
"Known Adult",232680,"useless",0,0
"Known Adult",232680,"vain",0,0
"Known Adult",232680,"vanity",0,0
"Known Adult",232680,"vengeful",0,0
"Known Adult",232680,"vigor",0,0
"Known Adult",232680,"vigorous",0,0
"Known Adult",232680,"violent",0,0
"Known Adult",232680,"virtue",0,0
"Known Adult",232680,"virtuous",0,0
"Known Adult",232680,"vulnerable",0,0
"Known Adult",232680,"warmhearted",0,0
"Known Adult",232680,"weary",0,0
"Known Adult",232680,"willful",0,0
"Known Adult",232680,"woe-stricken",0,0
"Known Adult",232680,"yearning",0,0
"Mother",6243012,"emotion_count",159562,25.5584964437038
"Mother",6243012,"like",46186,7.39803159116145
"Mother",6243012,"good",20630,3.30449468942235
"Mother",6243012,"want",19909,3.18900556334026
"Mother",6243012,"well",15245,2.44193027340008
"Mother",6243012,"kind",5786,0.926796232331445
"Mother",6243012,"sure",3867,0.61941255278702
"Mother",6243012,"blue",3454,0.553258587361357
"Mother",6243012,"funny",2996,0.479896562748878
"Mother",6243012,"hungry",2861,0.458272385188431
"Mother",6243012,"love",2639,0.422712626533475
"Mother",6243012,"silly",2512,0.40236988171735
"Mother",6243012,"careful",2115,0.338778781780333
"Mother",6243012,"sorry",1913,0.306422604986183
"Mother",6243012,"happy",1744,0.279352338262364
"Mother",6243012,"hurt",1586,0.25404404156199
"Mother",6243012,"bad",1252,0.200544224486514
"Mother",6243012,"tired",1187,0.190132583438891
"Mother",6243012,"high",1042,0.166906614948041
"Mother",6243012,"wonder",953,0.15265067566745
"Mother",6243012,"fine",873,0.139836348224223
"Mother",6243012,"warm",859,0.137593840921658
"Mother",6243012,"sleepy",846,0.135511512712133
"Mother",6243012,"interested",845,0.135351333619093
"Mother",6243012,"sad",699,0.111965186035202
"Mother",6243012,"lost",655,0.104917305941427
"Mother",6243012,"hope",609,0.097549067661571
"Mother",6243012,"scared",606,0.09706853038245
"Mother",6243012,"alone",605,0.0969083512894097
"Mother",6243012,"gentle",587,0.0940251276146834
"Mother",6243012,"quiet",586,0.0938649485216431
"Mother",6243012,"sick",564,0.0903410084747555
"Mother",6243012,"welcome",544,0.0871374266139485
"Mother",6243012,"strong",540,0.0864967102417871
"Mother",6243012,"thirsty",445,0.0712796964029542
"Mother",6243012,"mad",438,0.0701584427516718
"Mother",6243012,"afraid",427,0.068396472728228
"Mother",6243012,"crazy",412,0.0659937863326228
"Mother",6243012,"glad",359,0.0575042944014844
"Mother",6243012,"wonderful",355,0.056863578029323
"Mother",6243012,"excited",330,0.0528591007033144
"Mother",6243012,"surprised",329,0.052698921610274
"Mother",6243012,"angry",326,0.052218384331153
"Mother",6243012,"worry",310,0.0496555188425074
"Mother",6243012,"safe",265,0.0424474596556918
"Mother",6243012,"surprise",261,0.0418067432835304
"Mother",6243012,"weird",253,0.0405253105392077
"Mother",6243012,"awful",242,0.0387633405157639
"Mother",6243012,"terrible",233,0.0373217286784007
"Mother",6243012,"strange",217,0.0347588631897552
"Mother",6243012,"lucky",204,0.0326765349802307
"Mother",6243012,"interest",198,0.0317154604219886
"Mother",6243012,"friendly",197,0.0315552813289483
"Mother",6243012,"moved",187,0.0299534903985448
"Mother",6243012,"upset",181,0.0289924158403027
"Mother",6243012,"low",180,0.0288322367472624
"Mother",6243012,"enjoy",164,0.0262693712586168
"Mother",6243012,"comfortable",156,0.0249879385142941
"Mother",6243012,"proud",155,0.0248277594212537
"Mother",6243012,"certain",150,0.024026863956052
"Mother",6243012,"hate",141,0.0225852521186889
"Mother",6243012,"calm",138,0.0221047148395678
"Mother",6243012,"merry",138,0.0221047148395678
"Mother",6243012,"terrific",136,0.0217843566534871
"Mother",6243012,"shy",127,0.020342744816124
"Mother",6243012,"worried",125,0.0200223866300433
"Mother",6243012,"serious",124,0.019862207537003
"Mother",6243012,"brave",115,0.0184205956996399
"Mother",6243012,"bored",98,0.015697551117954
"Mother",6243012,"curious",97,0.0155373720249136
"Mother",6243012,"patient",97,0.0155373720249136
"Mother",6243012,"frustrated",90,0.0144161183736312
"Mother",6243012,"lonely",88,0.0140957601875505
"Mother",6243012,"touched",86,0.0137754020014698
"Mother",6243012,"itchy",85,0.0136152229084295
"Mother",6243012,"sore",83,0.0132948647223488
"Mother",6243012,"dizzy",81,0.0129745065362681
"Mother",6243012,"stupid",80,0.0128143274432277
"Mother",6243012,"confused",78,0.012493969257147
"Mother",6243012,"nervous",78,0.012493969257147
"Mother",6243012,"joy",71,0.0113727156058646
"Mother",6243012,"lazy",68,0.0108921783267436
"Mother",6243012,"odd",68,0.0108921783267436
"Mother",6243012,"frightened",64,0.0102514619545822
"Mother",6243012,"horrible",64,0.0102514619545822
"Mother",6243012,"unhappy",63,0.0100912828615418
"Mother",6243012,"doubt",60,0.00961074558242079
"Mother",6243012,"fear",59,0.00945056648938045
"Mother",6243012,"pride",57,0.00913020830329975
"Mother",6243012,"peaceful",53,0.00848949193113837
"Mother",6243012,"pain",49,0.00784877555897698
"Mother",6243012,"alarm",48,0.00768859646593663
"Mother",6243012,"fascinated",48,0.00768859646593663
"Mother",6243012,"shame",48,0.00768859646593663
"Mother",6243012,"concerned",46,0.00736823827985594
"Mother",6243012,"impressed",46,0.00736823827985594
"Mother",6243012,"ridiculous",45,0.0072080591868156
"Mother",6243012,"grouchy",42,0.00672752190769456
"Mother",6243012,"pleased",42,0.00672752190769456
"Mother",6243012,"threatened",40,0.00640716372161386
"Mother",6243012,"rotten",39,0.00624698462857351
"Mother",6243012,"uncomfortable",39,0.00624698462857351
"Mother",6243012,"aware",37,0.00592662644249282
"Mother",6243012,"bitter",36,0.00576644734945248
"Mother",6243012,"tender",36,0.00576644734945248
"Mother",6243012,"weak",36,0.00576644734945248
"Mother",6243012,"determined",35,0.00560626825641213
"Mother",6243012,"loving",35,0.00560626825641213
"Mother",6243012,"amazed",34,0.00544608916337178
"Mother",6243012,"appreciate",33,0.00528591007033144
"Mother",6243012,"disappointed",33,0.00528591007033144
"Mother",6243012,"jealous",33,0.00528591007033144
"Mother",6243012,"trust",31,0.00496555188425074
"Mother",6243012,"courage",30,0.0048053727912104
"Mother",6243012,"greedy",30,0.0048053727912104
"Mother",6243012,"ill",28,0.0044850146051297
"Mother",6243012,"stubborn",28,0.0044850146051297
"Mother",6243012,"powerful",27,0.00432483551208936
"Mother",6243012,"shock",27,0.00432483551208936
"Mother",6243012,"crabby",24,0.00384429823296832
"Mother",6243012,"phony",23,0.00368411913992797
"Mother",6243012,"playful",23,0.00368411913992797
"Mother",6243012,"pleasant",23,0.00368411913992797
"Mother",6243012,"cruel",21,0.00336376095384728
"Mother",6243012,"embarrassed",21,0.00336376095384728
"Mother",6243012,"faithful",21,0.00336376095384728
"Mother",6243012,"vigor",21,0.00336376095384728
"Mother",6243012,"cheered",20,0.00320358186080693
"Mother",6243012,"exhausted",20,0.00320358186080693
"Mother",6243012,"fond",20,0.00320358186080693
"Mother",6243012,"marvelous",20,0.00320358186080693
"Mother",6243012,"mischievous",20,0.00320358186080693
"Mother",6243012,"aggressive",19,0.00304340276776658
"Mother",6243012,"attractive",19,0.00304340276776658
"Mother",6243012,"miserable",19,0.00304340276776658
"Mother",6243012,"pleasure",19,0.00304340276776658
"Mother",6243012,"respect",19,0.00304340276776658
"Mother",6243012,"thrilled",19,0.00304340276776658
"Mother",6243012,"attracted",18,0.00288322367472624
"Mother",6243012,"shocked",18,0.00288322367472624
"Mother",6243012,"cheerful",17,0.00272304458168589
"Mother",6243012,"sensitive",17,0.00272304458168589
"Mother",6243012,"foolish",14,0.00224250730256485
"Mother",6243012,"generous",14,0.00224250730256485
"Mother",6243012,"startled",14,0.00224250730256485
"Mother",6243012,"aggravated",13,0.00208232820952451
"Mother",6243012,"dreadful",13,0.00208232820952451
"Mother",6243012,"gloomy",13,0.00208232820952451
"Mother",6243012,"happiness",13,0.00208232820952451
"Mother",6243012,"overwhelmed",13,0.00208232820952451
"Mother",6243012,"protective",13,0.00208232820952451
"Mother",6243012,"satisfied",13,0.00208232820952451
"Mother",6243012,"ashamed",12,0.00192214911648416
"Mother",6243012,"cheated",12,0.00192214911648416
"Mother",6243012,"delighted",12,0.00192214911648416
"Mother",6243012,"encouraged",12,0.00192214911648416
"Mother",6243012,"excitement",12,0.00192214911648416
"Mother",6243012,"impatient",12,0.00192214911648416
"Mother",6243012,"peculiar",12,0.00192214911648416
"Mother",6243012,"amusement",11,0.00176197002344381
"Mother",6243012,"cooperative",11,0.00176197002344381
"Mother",6243012,"delight",11,0.00176197002344381
"Mother",6243012,"ignored",11,0.00176197002344381
"Mother",6243012,"relaxed",11,0.00176197002344381
"Mother",6243012,"anxious",10,0.00160179093040347
"Mother",6243012,"careless",10,0.00160179093040347
"Mother",6243012,"confident",10,0.00160179093040347
"Mother",6243012,"convinced",10,0.00160179093040347
"Mother",6243012,"crushed",10,0.00160179093040347
"Mother",6243012,"furious",10,0.00160179093040347
"Mother",6243012,"grateful",10,0.00160179093040347
"Mother",6243012,"guilty",10,0.00160179093040347
"Mother",6243012,"secure",10,0.00160179093040347
"Mother",6243012,"violent",10,0.00160179093040347
"Mother",6243012,"daring",9,0.00144161183736312
"Mother",6243012,"droopy",9,0.00144161183736312
"Mother",6243012,"dull",9,0.00144161183736312
"Mother",6243012,"faint",9,0.00144161183736312
"Mother",6243012,"grief",9,0.00144161183736312
"Mother",6243012,"successful",9,0.00144161183736312
"Mother",6243012,"tense",9,0.00144161183736312
"Mother",6243012,"useless",9,0.00144161183736312
"Mother",6243012,"alert",8,0.00128143274432277
"Mother",6243012,"cautious",8,0.00128143274432277
"Mother",6243012,"confusion",8,0.00128143274432277
"Mother",6243012,"fascination",8,0.00128143274432277
"Mother",6243012,"lovable",8,0.00128143274432277
"Mother",6243012,"purposeful",8,0.00128143274432277
"Mother",6243012,"regret",8,0.00128143274432277
"Mother",6243012,"thankful",8,0.00128143274432277
"Mother",6243012,"abandoned",7,0.00112125365128243
"Mother",6243012,"annoyed",7,0.00112125365128243
"Mother",6243012,"desire",7,0.00112125365128243
"Mother",6243012,"dislike",7,0.00112125365128243
"Mother",6243012,"forgive",7,0.00112125365128243
"Mother",6243012,"fright",7,0.00112125365128243
"Mother",6243012,"fury",7,0.00112125365128243
"Mother",6243012,"glorious",7,0.00112125365128243
"Mother",6243012,"panic",7,0.00112125365128243
"Mother",6243012,"pathetic",7,0.00112125365128243
"Mother",6243012,"relieved",7,0.00112125365128243
"Mother",6243012,"sexy",7,0.00112125365128243
"Mother",6243012,"suspicious",7,0.00112125365128243
"Mother",6243012,"accept",6,0.000961074558242079
"Mother",6243012,"admire",6,0.000961074558242079
"Mother",6243012,"affection",6,0.000961074558242079
"Mother",6243012,"amused",6,0.000961074558242079
"Mother",6243012,"confidence",6,0.000961074558242079
"Mother",6243012,"frustration",6,0.000961074558242079
"Mother",6243012,"homesick",6,0.000961074558242079
"Mother",6243012,"meek",6,0.000961074558242079
"Mother",6243012,"relief",6,0.000961074558242079
"Mother",6243012,"terrified",6,0.000961074558242079
"Mother",6243012,"unpleasant",6,0.000961074558242079
"Mother",6243012,"vain",6,0.000961074558242079
"Mother",6243012,"bold",5,0.000800895465201733
"Mother",6243012,"competitive",5,0.000800895465201733
"Mother",6243012,"critical",5,0.000800895465201733
"Mother",6243012,"disgusted",5,0.000800895465201733
"Mother",6243012,"distressed",5,0.000800895465201733
"Mother",6243012,"drowsy",5,0.000800895465201733
"Mother",6243012,"horror",5,0.000800895465201733
"Mother",6243012,"lively",5,0.000800895465201733
"Mother",6243012,"lousy",5,0.000800895465201733
"Mother",6243012,"reckless",5,0.000800895465201733
"Mother",6243012,"rested",5,0.000800895465201733
"Mother",6243012,"selfish",5,0.000800895465201733
"Mother",6243012,"smug",5,0.000800895465201733
"Mother",6243012,"thirst",5,0.000800895465201733
"Mother",6243012,"timid",5,0.000800895465201733
"Mother",6243012,"adore",4,0.000640716372161386
"Mother",6243012,"appreciation",4,0.000640716372161386
"Mother",6243012,"aversion",4,0.000640716372161386
"Mother",6243012,"concern",4,0.000640716372161386
"Mother",6243012,"defensive",4,0.000640716372161386
"Mother",6243012,"desperate",4,0.000640716372161386
"Mother",6243012,"hunger",4,0.000640716372161386
"Mother",6243012,"inspired",4,0.000640716372161386
"Mother",6243012,"irritated",4,0.000640716372161386
"Mother",6243012,"lonesome",4,0.000640716372161386
"Mother",6243012,"oppressed",4,0.000640716372161386
"Mother",6243012,"optimistic",4,0.000640716372161386
"Mother",6243012,"sadness",4,0.000640716372161386
"Mother",6243012,"sincere",4,0.000640716372161386
"Mother",6243012,"tolerant",4,0.000640716372161386
"Mother",6243012,"affectionate",3,0.00048053727912104
"Mother",6243012,"agitated",3,0.00048053727912104
"Mother",6243012,"alarmed",3,0.00048053727912104
"Mother",6243012,"aloof",3,0.00048053727912104
"Mother",6243012,"awe",3,0.00048053727912104
"Mother",6243012,"contented",3,0.00048053727912104
"Mother",6243012,"cowardly",3,0.00048053727912104
"Mother",6243012,"curiosity",3,0.00048053727912104
"Mother",6243012,"deflated",3,0.00048053727912104
"Mother",6243012,"determination",3,0.00048053727912104
"Mother",6243012,"disappointment",3,0.00048053727912104
"Mother",6243012,"dismay",3,0.00048053727912104
"Mother",6243012,"distress",3,0.00048053727912104
"Mother",6243012,"dominated",3,0.00048053727912104
"Mother",6243012,"dreary",3,0.00048053727912104
"Mother",6243012,"eager",3,0.00048053727912104
"Mother",6243012,"emotional",3,0.00048053727912104
"Mother",6243012,"enthusiasm",3,0.00048053727912104
"Mother",6243012,"enthusiastic",3,0.00048053727912104
"Mother",6243012,"exasperated",3,0.00048053727912104
"Mother",6243012,"pity",3,0.00048053727912104
"Mother",6243012,"rage",3,0.00048053727912104
"Mother",6243012,"rigid",3,0.00048053727912104
"Mother",6243012,"sarcastic",3,0.00048053727912104
"Mother",6243012,"superior",3,0.00048053727912104
"Mother",6243012,"uninterested",3,0.00048053727912104
"Mother",6243012,"vanity",3,0.00048053727912104
"Mother",6243012,"adventurous",2,0.000320358186080693
"Mother",6243012,"anger",2,0.000320358186080693
"Mother",6243012,"anxiety",2,0.000320358186080693
"Mother",6243012,"arrogant",2,0.000320358186080693
"Mother",6243012,"astonished",2,0.000320358186080693
"Mother",6243012,"beaten",2,0.000320358186080693
"Mother",6243012,"dazed",2,0.000320358186080693
"Mother",6243012,"depressed",2,0.000320358186080693
"Mother",6243012,"deprived",2,0.000320358186080693
"Mother",6243012,"discouraged",2,0.000320358186080693
"Mother",6243012,"disturbed",2,0.000320358186080693
"Mother",6243012,"energetic",2,0.000320358186080693
"Mother",6243012,"envious",2,0.000320358186080693
"Mother",6243012,"envy",2,0.000320358186080693
"Mother",6243012,"glum",2,0.000320358186080693
"Mother",6243012,"hazy",2,0.000320358186080693
"Mother",6243012,"hesitant",2,0.000320358186080693
"Mother",6243012,"hopeful",2,0.000320358186080693
"Mother",6243012,"horrified",2,0.000320358186080693
"Mother",6243012,"hostile",2,0.000320358186080693
"Mother",6243012,"inspiration",2,0.000320358186080693
"Mother",6243012,"insulted",2,0.000320358186080693
"Mother",6243012,"intimate",2,0.000320358186080693
"Mother",6243012,"intimidated",2,0.000320358186080693
"Mother",6243012,"irritable",2,0.000320358186080693
"Mother",6243012,"joyful",2,0.000320358186080693
"Mother",6243012,"longing",2,0.000320358186080693
"Mother",6243012,"modest",2,0.000320358186080693
"Mother",6243012,"nauseous",2,0.000320358186080693
"Mother",6243012,"offended",2,0.000320358186080693
"Mother",6243012,"pitiful",2,0.000320358186080693
"Mother",6243012,"restless",2,0.000320358186080693
"Mother",6243012,"shaken",2,0.000320358186080693
"Mother",6243012,"sleepiness",2,0.000320358186080693
"Mother",6243012,"solemn",2,0.000320358186080693
"Mother",6243012,"suffering",2,0.000320358186080693
"Mother",6243012,"suspense",2,0.000320358186080693
"Mother",6243012,"terror",2,0.000320358186080693
"Mother",6243012,"triumphant",2,0.000320358186080693
"Mother",6243012,"uncertain",2,0.000320358186080693
"Mother",6243012,"virtue",2,0.000320358186080693
"Mother",6243012,"weary",2,0.000320358186080693
"Mother",6243012,"abused",1,0.000160179093040347
"Mother",6243012,"apprehensive",1,0.000160179093040347
"Mother",6243012,"attraction",1,0.000160179093040347
"Mother",6243012,"baffled",1,0.000160179093040347
"Mother",6243012,"beloved",1,0.000160179093040347
"Mother",6243012,"carefree",1,0.000160179093040347
"Mother",6243012,"charmed",1,0.000160179093040347
"Mother",6243012,"competent",1,0.000160179093040347
"Mother",6243012,"conceited",1,0.000160179093040347
"Mother",6243012,"courageous",1,0.000160179093040347
"Mother",6243012,"cruelty",1,0.000160179093040347
"Mother",6243012,"defeated",1,0.000160179093040347
"Mother",6243012,"dejected",1,0.000160179093040347
"Mother",6243012,"dependent",1,0.000160179093040347
"Mother",6243012,"despise",1,0.000160179093040347
"Mother",6243012,"devoted",1,0.000160179093040347
"Mother",6243012,"devotion",1,0.000160179093040347
"Mother",6243012,"disagreeable",1,0.000160179093040347
"Mother",6243012,"doubtful",1,0.000160179093040347
"Mother",6243012,"dread",1,0.000160179093040347
"Mother",6243012,"earnest",1,0.000160179093040347
"Mother",6243012,"embarrassment",1,0.000160179093040347
"Mother",6243012,"encouragement",1,0.000160179093040347
"Mother",6243012,"euphoric",1,0.000160179093040347
"Mother",6243012,"exhaustion",1,0.000160179093040347
"Mother",6243012,"fearful",1,0.000160179093040347
"Mother",6243012,"feverish",1,0.000160179093040347
"Mother",6243012,"fondness",1,0.000160179093040347
"Mother",6243012,"gleeful",1,0.000160179093040347
"Mother",6243012,"gratitude",1,0.000160179093040347
"Mother",6243012,"greed",1,0.000160179093040347
"Mother",6243012,"grieve",1,0.000160179093040347
"Mother",6243012,"hateful",1,0.000160179093040347
"Mother",6243012,"heartbroken",1,0.000160179093040347
"Mother",6243012,"helpless",1,0.000160179093040347
"Mother",6243012,"hopeless",1,0.000160179093040347
"Mother",6243012,"humble",1,0.000160179093040347
"Mother",6243012,"indifferent",1,0.000160179093040347
"Mother",6243012,"inferior",1,0.000160179093040347
"Mother",6243012,"inhibited",1,0.000160179093040347
"Mother",6243012,"jealousy",1,0.000160179093040347
"Mother",6243012,"joyous",1,0.000160179093040347
"Mother",6243012,"livid",1,0.000160179093040347
"Mother",6243012,"misery",1,0.000160179093040347
"Mother",6243012,"mournful",1,0.000160179093040347
"Mother",6243012,"neglected",1,0.000160179093040347
"Mother",6243012,"nostalgia",1,0.000160179093040347
"Mother",6243012,"numb",1,0.000160179093040347
"Mother",6243012,"passion",1,0.000160179093040347
"Mother",6243012,"pessimistic",1,0.000160179093040347
"Mother",6243012,"petrified",1,0.000160179093040347
"Mother",6243012,"reassured",1,0.000160179093040347
"Mother",6243012,"resigned",1,0.000160179093040347
"Mother",6243012,"revived",1,0.000160179093040347
"Mother",6243012,"satisfaction",1,0.000160179093040347
"Mother",6243012,"self-conscious",1,0.000160179093040347
"Mother",6243012,"sentimental",1,0.000160179093040347
"Mother",6243012,"serene",1,0.000160179093040347
"Mother",6243012,"skeptical",1,0.000160179093040347
"Mother",6243012,"sorrow",1,0.000160179093040347
"Mother",6243012,"spiteful",1,0.000160179093040347
"Mother",6243012,"stunned",1,0.000160179093040347
"Mother",6243012,"sympathy",1,0.000160179093040347
"Mother",6243012,"tingly",1,0.000160179093040347
"Mother",6243012,"tormented",1,0.000160179093040347
"Mother",6243012,"troubled",1,0.000160179093040347
"Mother",6243012,"uncooperative",1,0.000160179093040347
"Mother",6243012,"unimportant",1,0.000160179093040347
"Mother",6243012,"admiration",0,0
"Mother",6243012,"aggrieved",0,0
"Mother",6243012,"agitation",0,0
"Mother",6243012,"agony",0,0
"Mother",6243012,"alertness",0,0
"Mother",6243012,"anguish",0,0
"Mother",6243012,"anguished",0,0
"Mother",6243012,"antagonistic",0,0
"Mother",6243012,"apathetic",0,0
"Mother",6243012,"apathy",0,0
"Mother",6243012,"apologetic",0,0
"Mother",6243012,"approve-of",0,0
"Mother",6243012,"argumentative",0,0
"Mother",6243012,"arousal",0,0
"Mother",6243012,"aroused",0,0
"Mother",6243012,"at-ease",0,0
"Mother",6243012,"at-peace",0,0
"Mother",6243012,"awestruck",0,0
"Mother",6243012,"benevolent",0,0
"Mother",6243012,"bereft",0,0
"Mother",6243012,"bewildered",0,0
"Mother",6243012,"bitchy",0,0
"Mother",6243012,"boredom",0,0
"Mother",6243012,"breathless",0,0
"Mother",6243012,"brokenhearted",0,0
"Mother",6243012,"burdened",0,0
"Mother",6243012,"charitable",0,0
"Mother",6243012,"cheerfulness",0,0
"Mother",6243012,"cheerless",0,0
"Mother",6243012,"compassion",0,0
"Mother",6243012,"compassionate",0,0
"Mother",6243012,"complacent",0,0
"Mother",6243012,"conceit",0,0
"Mother",6243012,"conscientious",0,0
"Mother",6243012,"consolation",0,0
"Mother",6243012,"consoled",0,0
"Mother",6243012,"contempt",0,0
"Mother",6243012,"contemptible",0,0
"Mother",6243012,"contemptuous",0,0
"Mother",6243012,"contentment",0,0
"Mother",6243012,"contrite",0,0
"Mother",6243012,"cynical",0,0
"Mother",6243012,"defiant",0,0
"Mother",6243012,"degraded",0,0
"Mother",6243012,"dejection",0,0
"Mother",6243012,"depression",0,0
"Mother",6243012,"despair",0,0
"Mother",6243012,"despicable",0,0
"Mother",6243012,"despondent",0,0
"Mother",6243012,"detest",0,0
"Mother",6243012,"disapprove-of",0,0
"Mother",6243012,"discontented",0,0
"Mother",6243012,"disenchanted",0,0
"Mother",6243012,"disgraced",0,0
"Mother",6243012,"disgust",0,0
"Mother",6243012,"disheartened",0,0
"Mother",6243012,"disillusioned",0,0
"Mother",6243012,"dismayed",0,0
"Mother",6243012,"displeased",0,0
"Mother",6243012,"dissatisfied",0,0
"Mother",6243012,"downhearted",0,0
"Mother",6243012,"ecstasy",0,0
"Mother",6243012,"ecstatic",0,0
"Mother",6243012,"elated",0,0
"Mother",6243012,"elation",0,0
"Mother",6243012,"empathy",0,0
"Mother",6243012,"enjoyment",0,0
"Mother",6243012,"euphoria",0,0
"Mother",6243012,"exasperation",0,0
"Mother",6243012,"expectant",0,0
"Mother",6243012,"fatigue",0,0
"Mother",6243012,"fatigued",0,0
"Mother",6243012,"fed-up",0,0
"Mother",6243012,"flabbergasted",0,0
"Mother",6243012,"friendliness",0,0
"Mother",6243012,"fulfilled",0,0
"Mother",6243012,"gaiety",0,0
"Mother",6243012,"gratified",0,0
"Mother",6243012,"grief-stricken",0,0
"Mother",6243012,"guilt",0,0
"Mother",6243012,"guiltless",0,0
"Mother",6243012,"heart-stricken",0,0
"Mother",6243012,"heartened",0,0
"Mother",6243012,"heartsick",0,0
"Mother",6243012,"heartsore",0,0
"Mother",6243012,"heavy-hearted",0,0
"Mother",6243012,"hopelessness",0,0
"Mother",6243012,"hostility",0,0
"Mother",6243012,"humiliated",0,0
"Mother",6243012,"humiliation",0,0
"Mother",6243012,"hung-up",0,0
"Mother",6243012,"ill-at-ease",0,0
"Mother",6243012,"impatience",0,0
"Mother",6243012,"impotent",0,0
"Mother",6243012,"in-love",0,0
"Mother",6243012,"inadequate",0,0
"Mother",6243012,"incensed",0,0
"Mother",6243012,"incredulous",0,0
"Mother",6243012,"indifference",0,0
"Mother",6243012,"indignant",0,0
"Mother",6243012,"ineffective",0,0
"Mother",6243012,"infatuated",0,0
"Mother",6243012,"infatuation",0,0
"Mother",6243012,"insecure",0,0
"Mother",6243012,"irate",0,0
"Mother",6243012,"irked",0,0
"Mother",6243012,"irritation",0,0
"Mother",6243012,"isolated",0,0
"Mother",6243012,"jittery",0,0
"Mother",6243012,"joyless",0,0
"Mother",6243012,"jubilant",0,0
"Mother",6243012,"lighthearted",0,0
"Mother",6243012,"loathe",0,0
"Mother",6243012,"loneliness",0,0
"Mother",6243012,"lovesick",0,0
"Mother",6243012,"lust",0,0
"Mother",6243012,"malice",0,0
"Mother",6243012,"malicious",0,0
"Mother",6243012,"melancholy",0,0
"Mother",6243012,"mistreated",0,0
"Mother",6243012,"mixed-up",0,0
"Mother",6243012,"modesty",0,0
"Mother",6243012,"mortified",0,0
"Mother",6243012,"nervousness",0,0
"Mother",6243012,"nonchalant",0,0
"Mother",6243012,"nostalgic",0,0
"Mother",6243012,"obstinate",0,0
"Mother",6243012,"on-edge",0,0
"Mother",6243012,"optimism",0,0
"Mother",6243012,"outrage",0,0
"Mother",6243012,"outraged",0,0
"Mother",6243012,"overconfident",0,0
"Mother",6243012,"overjoyed",0,0
"Mother",6243012,"pained",0,0
"Mother",6243012,"passionate",0,0
"Mother",6243012,"peeved",0,0
"Mother",6243012,"perplexed",0,0
"Mother",6243012,"persecuted",0,0
"Mother",6243012,"pessimism",0,0
"Mother",6243012,"petty",0,0
"Mother",6243012,"pining",0,0
"Mother",6243012,"pissed-off",0,0
"Mother",6243012,"placid",0,0
"Mother",6243012,"prejudiced",0,0
"Mother",6243012,"reassurance",0,0
"Mother",6243012,"rebellious",0,0
"Mother",6243012,"refreshed",0,0
"Mother",6243012,"remorse",0,0
"Mother",6243012,"repentant",0,0
"Mother",6243012,"resent",0,0
"Mother",6243012,"resentful",0,0
"Mother",6243012,"resentment",0,0
"Mother",6243012,"reverence",0,0
"Mother",6243012,"scorn",0,0
"Mother",6243012,"scornful",0,0
"Mother",6243012,"self-centered",0,0
"Mother",6243012,"self-confident",0,0
"Mother",6243012,"self-destructive",0,0
"Mother",6243012,"self-pity",0,0
"Mother",6243012,"self-satisfaction",0,0
"Mother",6243012,"self-satisfied",0,0
"Mother",6243012,"serenity",0,0
"Mother",6243012,"shook-up",0,0
"Mother",6243012,"sick-at-heart",0,0
"Mother",6243012,"sickened",0,0
"Mother",6243012,"slighted",0,0
"Mother",6243012,"sluggish",0,0
"Mother",6243012,"solemnity",0,0
"Mother",6243012,"soothed",0,0
"Mother",6243012,"suspicion",0,0
"Mother",6243012,"sympathetic",0,0
"Mother",6243012,"thwarted",0,0
"Mother",6243012,"trustworthy",0,0
"Mother",6243012,"unattractive",0,0
"Mother",6243012,"uncared-for",0,0
"Mother",6243012,"uneasy",0,0
"Mother",6243012,"unfaithful",0,0
"Mother",6243012,"unfriendly",0,0
"Mother",6243012,"unfulfilled",0,0
"Mother",6243012,"unlovable",0,0
"Mother",6243012,"unprotected",0,0
"Mother",6243012,"untroubled",0,0
"Mother",6243012,"untrustworthy",0,0
"Mother",6243012,"unworried",0,0
"Mother",6243012,"uptight",0,0
"Mother",6243012,"vengeful",0,0
"Mother",6243012,"vigorous",0,0
"Mother",6243012,"virtuous",0,0
"Mother",6243012,"vulnerable",0,0
"Mother",6243012,"warmhearted",0,0
"Mother",6243012,"willful",0,0
"Mother",6243012,"woe-stricken",0,0
"Mother",6243012,"yearning",0,0
"Other Adult",1378656,"emotion_count",33437,24.2533307801221
"Other Adult",1378656,"like",8471,6.14438989856788
"Other Adult",1378656,"well",4989,3.61874173107722
"Other Adult",1378656,"good",4784,3.47004618991249
"Other Adult",1378656,"want",3636,2.63735115939001
"Other Adult",1378656,"sure",1337,0.969785066035327
"Other Adult",1378656,"kind",1070,0.776118190469559
"Other Adult",1378656,"bad",704,0.510642248682775
"Other Adult",1378656,"funny",565,0.409819418332057
"Other Adult",1378656,"interested",470,0.340911728524012
"Other Adult",1378656,"blue",450,0.32640484645916
"Other Adult",1378656,"fine",439,0.318426061323492
"Other Adult",1378656,"hurt",412,0.298841770535942
"Other Adult",1378656,"sorry",409,0.296665738226215
"Other Adult",1378656,"careful",305,0.221229951488986
"Other Adult",1378656,"happy",291,0.21107513404359
"Other Adult",1378656,"scared",274,0.198744284288466
"Other Adult",1378656,"love",270,0.195842907875496
"Other Adult",1378656,"hungry",238,0.172631896571734
"Other Adult",1378656,"silly",223,0.161751735023095
"Other Adult",1378656,"tired",191,0.138540723719332
"Other Adult",1378656,"welcome",181,0.131287282686907
"Other Adult",1378656,"alone",175,0.126935218067451
"Other Adult",1378656,"sick",166,0.120407121138268
"Other Adult",1378656,"lost",156,0.113153680105842
"Other Adult",1378656,"mad",151,0.109526959589629
"Other Adult",1378656,"wonder",142,0.102998862660446
"Other Adult",1378656,"high",132,0.0957454216280203
"Other Adult",1378656,"hope",128,0.09284404521505
"Other Adult",1378656,"quiet",114,0.0826892277696539
"Other Adult",1378656,"merry",108,0.0783371631501985
"Other Adult",1378656,"worry",105,0.0761611308404707
"Other Adult",1378656,"sad",102,0.073985098530743
"Other Adult",1378656,"warm",102,0.073985098530743
"Other Adult",1378656,"wonderful",98,0.0710837221177727
"Other Adult",1378656,"interest",89,0.0645556251885895
"Other Adult",1378656,"strong",89,0.0645556251885895
"Other Adult",1378656,"glad",78,0.0565768400529211
"Other Adult",1378656,"surprise",77,0.0558514959496785
"Other Adult",1378656,"lucky",75,0.0544008077431934
"Other Adult",1378656,"afraid",63,0.0456966785042824
"Other Adult",1378656,"hate",61,0.0442459902977973
"Other Adult",1378656,"sleepy",61,0.0442459902977973
"Other Adult",1378656,"crazy",57,0.041344613884827
"Other Adult",1378656,"curious",57,0.041344613884827
"Other Adult",1378656,"strange",55,0.0398939256783418
"Other Adult",1378656,"surprised",49,0.0355418610588863
"Other Adult",1378656,"thirsty",49,0.0355418610588863
"Other Adult",1378656,"excited",48,0.0348165169556438
"Other Adult",1378656,"comfortable",47,0.0340911728524012
"Other Adult",1378656,"weird",45,0.032640484645916
"Other Adult",1378656,"angry",44,0.0319151405426734
"Other Adult",1378656,"appreciate",43,0.0311897964394309
"Other Adult",1378656,"safe",39,0.0282884200264606
"Other Adult",1378656,"terrific",36,0.0261123877167328
"Other Adult",1378656,"certain",33,0.0239363554070051
"Other Adult",1378656,"dizzy",33,0.0239363554070051
"Other Adult",1378656,"enjoy",32,0.0232110113037625
"Other Adult",1378656,"gentle",27,0.0195842907875496
"Other Adult",1378656,"moved",27,0.0195842907875496
"Other Adult",1378656,"upset",24,0.0174082584778219
"Other Adult",1378656,"confused",23,0.0166829143745793
"Other Adult",1378656,"friendly",23,0.0166829143745793
"Other Adult",1378656,"terrible",23,0.0166829143745793
"Other Adult",1378656,"low",21,0.0152322261680941
"Other Adult",1378656,"nervous",20,0.0145068820648516
"Other Adult",1378656,"proud",19,0.013781537961609
"Other Adult",1378656,"shy",19,0.013781537961609
"Other Adult",1378656,"awful",17,0.0123308497551238
"Other Adult",1378656,"serious",17,0.0123308497551238
"Other Adult",1378656,"fear",15,0.0108801615486387
"Other Adult",1378656,"lonely",15,0.0108801615486387
"Other Adult",1378656,"pleased",15,0.0108801615486387
"Other Adult",1378656,"touched",15,0.0108801615486387
"Other Adult",1378656,"worried",15,0.0108801615486387
"Other Adult",1378656,"attracted",14,0.0101548174453961
"Other Adult",1378656,"bored",14,0.0101548174453961
"Other Adult",1378656,"calm",13,0.00942947334215352
"Other Adult",1378656,"shame",13,0.00942947334215352
"Other Adult",1378656,"ridiculous",12,0.00870412923891094
"Other Adult",1378656,"sore",12,0.00870412923891094
"Other Adult",1378656,"horrible",10,0.00725344103242578
"Other Adult",1378656,"lazy",10,0.00725344103242578
"Other Adult",1378656,"stupid",10,0.00725344103242578
"Other Adult",1378656,"brave",9,0.0065280969291832
"Other Adult",1378656,"impressed",9,0.0065280969291832
"Other Adult",1378656,"pleasure",9,0.0065280969291832
"Other Adult",1378656,"concerned",8,0.00580275282594063
"Other Adult",1378656,"fascinated",8,0.00580275282594063
"Other Adult",1378656,"pain",8,0.00580275282594063
"Other Adult",1378656,"uncomfortable",8,0.00580275282594063
"Other Adult",1378656,"alarm",7,0.00507740872269805
"Other Adult",1378656,"attractive",7,0.00507740872269805
"Other Adult",1378656,"doubt",7,0.00507740872269805
"Other Adult",1378656,"marvelous",7,0.00507740872269805
"Other Adult",1378656,"odd",7,0.00507740872269805
"Other Adult",1378656,"aware",6,0.00435206461945547
"Other Adult",1378656,"encouragement",6,0.00435206461945547
"Other Adult",1378656,"sensitive",6,0.00435206461945547
"Other Adult",1378656,"sexy",6,0.00435206461945547
"Other Adult",1378656,"trust",6,0.00435206461945547
"Other Adult",1378656,"unhappy",6,0.00435206461945547
"Other Adult",1378656,"generous",5,0.00362672051621289
"Other Adult",1378656,"ill",5,0.00362672051621289
"Other Adult",1378656,"loving",5,0.00362672051621289
"Other Adult",1378656,"tense",5,0.00362672051621289
"Other Adult",1378656,"ashamed",4,0.00290137641297031
"Other Adult",1378656,"exhausted",4,0.00290137641297031
"Other Adult",1378656,"frightened",4,0.00290137641297031
"Other Adult",1378656,"miserable",4,0.00290137641297031
"Other Adult",1378656,"peculiar",4,0.00290137641297031
"Other Adult",1378656,"pleasant",4,0.00290137641297031
"Other Adult",1378656,"rotten",4,0.00290137641297031
"Other Adult",1378656,"shock",4,0.00290137641297031
"Other Adult",1378656,"thrilled",4,0.00290137641297031
"Other Adult",1378656,"accept",3,0.00217603230972773
"Other Adult",1378656,"anxious",3,0.00217603230972773
"Other Adult",1378656,"convinced",3,0.00217603230972773
"Other Adult",1378656,"determined",3,0.00217603230972773
"Other Adult",1378656,"disappointed",3,0.00217603230972773
"Other Adult",1378656,"disturbed",3,0.00217603230972773
"Other Adult",1378656,"embarrassed",3,0.00217603230972773
"Other Adult",1378656,"jealous",3,0.00217603230972773
"Other Adult",1378656,"lovable",3,0.00217603230972773
"Other Adult",1378656,"powerful",3,0.00217603230972773
"Other Adult",1378656,"relief",3,0.00217603230972773
"Other Adult",1378656,"respect",3,0.00217603230972773
"Other Adult",1378656,"restless",3,0.00217603230972773
"Other Adult",1378656,"stubborn",3,0.00217603230972773
"Other Adult",1378656,"successful",3,0.00217603230972773
"Other Adult",1378656,"weak",3,0.00217603230972773
"Other Adult",1378656,"alarmed",2,0.00145068820648516
"Other Adult",1378656,"amazed",2,0.00145068820648516
"Other Adult",1378656,"astonished",2,0.00145068820648516
"Other Adult",1378656,"attraction",2,0.00145068820648516
"Other Adult",1378656,"bitter",2,0.00145068820648516
"Other Adult",1378656,"cooperative",2,0.00145068820648516
"Other Adult",1378656,"crushed",2,0.00145068820648516
"Other Adult",1378656,"curiosity",2,0.00145068820648516
"Other Adult",1378656,"desire",2,0.00145068820648516
"Other Adult",1378656,"enjoyment",2,0.00145068820648516
"Other Adult",1378656,"enthusiasm",2,0.00145068820648516
"Other Adult",1378656,"flabbergasted",2,0.00145068820648516
"Other Adult",1378656,"fond",2,0.00145068820648516
"Other Adult",1378656,"frustrated",2,0.00145068820648516
"Other Adult",1378656,"greedy",2,0.00145068820648516
"Other Adult",1378656,"grouchy",2,0.00145068820648516
"Other Adult",1378656,"happiness",2,0.00145068820648516
"Other Adult",1378656,"hopeless",2,0.00145068820648516
"Other Adult",1378656,"ignored",2,0.00145068820648516
"Other Adult",1378656,"impatient",2,0.00145068820648516
"Other Adult",1378656,"inspired",2,0.00145068820648516
"Other Adult",1378656,"joy",2,0.00145068820648516
"Other Adult",1378656,"misery",2,0.00145068820648516
"Other Adult",1378656,"numb",2,0.00145068820648516
"Other Adult",1378656,"peaceful",2,0.00145068820648516
"Other Adult",1378656,"satisfied",2,0.00145068820648516
"Other Adult",1378656,"selfish",2,0.00145068820648516
"Other Adult",1378656,"shocked",2,0.00145068820648516
"Other Adult",1378656,"violent",2,0.00145068820648516
"Other Adult",1378656,"abandoned",1,0.000725344103242578
"Other Adult",1378656,"admire",1,0.000725344103242578
"Other Adult",1378656,"adventurous",1,0.000725344103242578
"Other Adult",1378656,"aggressive",1,0.000725344103242578
"Other Adult",1378656,"amused",1,0.000725344103242578
"Other Adult",1378656,"amusement",1,0.000725344103242578
"Other Adult",1378656,"anger",1,0.000725344103242578
"Other Adult",1378656,"appreciation",1,0.000725344103242578
"Other Adult",1378656,"beaten",1,0.000725344103242578
"Other Adult",1378656,"cheered",1,0.000725344103242578
"Other Adult",1378656,"cheerful",1,0.000725344103242578
"Other Adult",1378656,"concern",1,0.000725344103242578
"Other Adult",1378656,"confident",1,0.000725344103242578
"Other Adult",1378656,"crabby",1,0.000725344103242578
"Other Adult",1378656,"defensive",1,0.000725344103242578
"Other Adult",1378656,"delight",1,0.000725344103242578
"Other Adult",1378656,"delighted",1,0.000725344103242578
"Other Adult",1378656,"depressed",1,0.000725344103242578
"Other Adult",1378656,"desperate",1,0.000725344103242578
"Other Adult",1378656,"disgust",1,0.000725344103242578
"Other Adult",1378656,"distressed",1,0.000725344103242578
"Other Adult",1378656,"droopy",1,0.000725344103242578
"Other Adult",1378656,"dull",1,0.000725344103242578
"Other Adult",1378656,"ecstasy",1,0.000725344103242578
"Other Adult",1378656,"enthusiastic",1,0.000725344103242578
"Other Adult",1378656,"envious",1,0.000725344103242578
"Other Adult",1378656,"envy",1,0.000725344103242578
"Other Adult",1378656,"excitement",1,0.000725344103242578
"Other Adult",1378656,"forgive",1,0.000725344103242578
"Other Adult",1378656,"frustration",1,0.000725344103242578
"Other Adult",1378656,"grateful",1,0.000725344103242578
"Other Adult",1378656,"grief",1,0.000725344103242578
"Other Adult",1378656,"guilty",1,0.000725344103242578
"Other Adult",1378656,"helpless",1,0.000725344103242578
"Other Adult",1378656,"itchy",1,0.000725344103242578
"Other Adult",1378656,"joyful",1,0.000725344103242578
"Other Adult",1378656,"lively",1,0.000725344103242578
"Other Adult",1378656,"lonesome",1,0.000725344103242578
"Other Adult",1378656,"modesty",1,0.000725344103242578
"Other Adult",1378656,"optimistic",1,0.000725344103242578
"Other Adult",1378656,"passion",1,0.000725344103242578
"Other Adult",1378656,"pathetic",1,0.000725344103242578
"Other Adult",1378656,"patient",1,0.000725344103242578
"Other Adult",1378656,"rage",1,0.000725344103242578
"Other Adult",1378656,"reckless",1,0.000725344103242578
"Other Adult",1378656,"relaxed",1,0.000725344103242578
"Other Adult",1378656,"satisfaction",1,0.000725344103242578
"Other Adult",1378656,"startled",1,0.000725344103242578
"Other Adult",1378656,"sympathy",1,0.000725344103242578
"Other Adult",1378656,"terror",1,0.000725344103242578
"Other Adult",1378656,"thankful",1,0.000725344103242578
"Other Adult",1378656,"tolerant",1,0.000725344103242578
"Other Adult",1378656,"unpleasant",1,0.000725344103242578
"Other Adult",1378656,"weary",1,0.000725344103242578
"Other Adult",1378656,"abused",0,0
"Other Adult",1378656,"admiration",0,0
"Other Adult",1378656,"adore",0,0
"Other Adult",1378656,"affection",0,0
"Other Adult",1378656,"affectionate",0,0
"Other Adult",1378656,"aggravated",0,0
"Other Adult",1378656,"aggrieved",0,0
"Other Adult",1378656,"agitated",0,0
"Other Adult",1378656,"agitation",0,0
"Other Adult",1378656,"agony",0,0
"Other Adult",1378656,"alert",0,0
"Other Adult",1378656,"alertness",0,0
"Other Adult",1378656,"aloof",0,0
"Other Adult",1378656,"anguish",0,0
"Other Adult",1378656,"anguished",0,0
"Other Adult",1378656,"annoyed",0,0
"Other Adult",1378656,"antagonistic",0,0
"Other Adult",1378656,"anxiety",0,0
"Other Adult",1378656,"apathetic",0,0
"Other Adult",1378656,"apathy",0,0
"Other Adult",1378656,"apologetic",0,0
"Other Adult",1378656,"apprehensive",0,0
"Other Adult",1378656,"approve-of",0,0
"Other Adult",1378656,"argumentative",0,0
"Other Adult",1378656,"arousal",0,0
"Other Adult",1378656,"aroused",0,0
"Other Adult",1378656,"arrogant",0,0
"Other Adult",1378656,"at-ease",0,0
"Other Adult",1378656,"at-peace",0,0
"Other Adult",1378656,"aversion",0,0
"Other Adult",1378656,"awe",0,0
"Other Adult",1378656,"awestruck",0,0
"Other Adult",1378656,"baffled",0,0
"Other Adult",1378656,"beloved",0,0
"Other Adult",1378656,"benevolent",0,0
"Other Adult",1378656,"bereft",0,0
"Other Adult",1378656,"bewildered",0,0
"Other Adult",1378656,"bitchy",0,0
"Other Adult",1378656,"bold",0,0
"Other Adult",1378656,"boredom",0,0
"Other Adult",1378656,"breathless",0,0
"Other Adult",1378656,"brokenhearted",0,0
"Other Adult",1378656,"burdened",0,0
"Other Adult",1378656,"carefree",0,0
"Other Adult",1378656,"careless",0,0
"Other Adult",1378656,"cautious",0,0
"Other Adult",1378656,"charitable",0,0
"Other Adult",1378656,"charmed",0,0
"Other Adult",1378656,"cheated",0,0
"Other Adult",1378656,"cheerfulness",0,0
"Other Adult",1378656,"cheerless",0,0
"Other Adult",1378656,"compassion",0,0
"Other Adult",1378656,"compassionate",0,0
"Other Adult",1378656,"competent",0,0
"Other Adult",1378656,"competitive",0,0
"Other Adult",1378656,"complacent",0,0
"Other Adult",1378656,"conceit",0,0
"Other Adult",1378656,"conceited",0,0
"Other Adult",1378656,"confidence",0,0
"Other Adult",1378656,"confusion",0,0
"Other Adult",1378656,"conscientious",0,0
"Other Adult",1378656,"consolation",0,0
"Other Adult",1378656,"consoled",0,0
"Other Adult",1378656,"contempt",0,0
"Other Adult",1378656,"contemptible",0,0
"Other Adult",1378656,"contemptuous",0,0
"Other Adult",1378656,"contented",0,0
"Other Adult",1378656,"contentment",0,0
"Other Adult",1378656,"contrite",0,0
"Other Adult",1378656,"courage",0,0
"Other Adult",1378656,"courageous",0,0
"Other Adult",1378656,"cowardly",0,0
"Other Adult",1378656,"critical",0,0
"Other Adult",1378656,"cruel",0,0
"Other Adult",1378656,"cruelty",0,0
"Other Adult",1378656,"cynical",0,0
"Other Adult",1378656,"daring",0,0
"Other Adult",1378656,"dazed",0,0
"Other Adult",1378656,"defeated",0,0
"Other Adult",1378656,"defiant",0,0
"Other Adult",1378656,"deflated",0,0
"Other Adult",1378656,"degraded",0,0
"Other Adult",1378656,"dejected",0,0
"Other Adult",1378656,"dejection",0,0
"Other Adult",1378656,"dependent",0,0
"Other Adult",1378656,"depression",0,0
"Other Adult",1378656,"deprived",0,0
"Other Adult",1378656,"despair",0,0
"Other Adult",1378656,"despicable",0,0
"Other Adult",1378656,"despise",0,0
"Other Adult",1378656,"despondent",0,0
"Other Adult",1378656,"determination",0,0
"Other Adult",1378656,"detest",0,0
"Other Adult",1378656,"devoted",0,0
"Other Adult",1378656,"devotion",0,0
"Other Adult",1378656,"disagreeable",0,0
"Other Adult",1378656,"disappointment",0,0
"Other Adult",1378656,"disapprove-of",0,0
"Other Adult",1378656,"discontented",0,0
"Other Adult",1378656,"discouraged",0,0
"Other Adult",1378656,"disenchanted",0,0
"Other Adult",1378656,"disgraced",0,0
"Other Adult",1378656,"disgusted",0,0
"Other Adult",1378656,"disheartened",0,0
"Other Adult",1378656,"disillusioned",0,0
"Other Adult",1378656,"dislike",0,0
"Other Adult",1378656,"dismay",0,0
"Other Adult",1378656,"dismayed",0,0
"Other Adult",1378656,"displeased",0,0
"Other Adult",1378656,"dissatisfied",0,0
"Other Adult",1378656,"distress",0,0
"Other Adult",1378656,"dominated",0,0
"Other Adult",1378656,"doubtful",0,0
"Other Adult",1378656,"downhearted",0,0
"Other Adult",1378656,"dread",0,0
"Other Adult",1378656,"dreadful",0,0
"Other Adult",1378656,"dreary",0,0
"Other Adult",1378656,"drowsy",0,0
"Other Adult",1378656,"eager",0,0
"Other Adult",1378656,"earnest",0,0
"Other Adult",1378656,"ecstatic",0,0
"Other Adult",1378656,"elated",0,0
"Other Adult",1378656,"elation",0,0
"Other Adult",1378656,"embarrassment",0,0
"Other Adult",1378656,"emotional",0,0
"Other Adult",1378656,"empathy",0,0
"Other Adult",1378656,"encouraged",0,0
"Other Adult",1378656,"energetic",0,0
"Other Adult",1378656,"euphoria",0,0
"Other Adult",1378656,"euphoric",0,0
"Other Adult",1378656,"exasperated",0,0
"Other Adult",1378656,"exasperation",0,0
"Other Adult",1378656,"exhaustion",0,0
"Other Adult",1378656,"expectant",0,0
"Other Adult",1378656,"faint",0,0
"Other Adult",1378656,"faithful",0,0
"Other Adult",1378656,"fascination",0,0
"Other Adult",1378656,"fatigue",0,0
"Other Adult",1378656,"fatigued",0,0
"Other Adult",1378656,"fearful",0,0
"Other Adult",1378656,"fed-up",0,0
"Other Adult",1378656,"feverish",0,0
"Other Adult",1378656,"fondness",0,0
"Other Adult",1378656,"foolish",0,0
"Other Adult",1378656,"friendliness",0,0
"Other Adult",1378656,"fright",0,0
"Other Adult",1378656,"fulfilled",0,0
"Other Adult",1378656,"furious",0,0
"Other Adult",1378656,"fury",0,0
"Other Adult",1378656,"gaiety",0,0
"Other Adult",1378656,"gleeful",0,0
"Other Adult",1378656,"gloomy",0,0
"Other Adult",1378656,"glorious",0,0
"Other Adult",1378656,"glum",0,0
"Other Adult",1378656,"gratified",0,0
"Other Adult",1378656,"gratitude",0,0
"Other Adult",1378656,"greed",0,0
"Other Adult",1378656,"grief-stricken",0,0
"Other Adult",1378656,"grieve",0,0
"Other Adult",1378656,"guilt",0,0
"Other Adult",1378656,"guiltless",0,0
"Other Adult",1378656,"hateful",0,0
"Other Adult",1378656,"hazy",0,0
"Other Adult",1378656,"heart-stricken",0,0
"Other Adult",1378656,"heartbroken",0,0
"Other Adult",1378656,"heartened",0,0
"Other Adult",1378656,"heartsick",0,0
"Other Adult",1378656,"heartsore",0,0
"Other Adult",1378656,"heavy-hearted",0,0
"Other Adult",1378656,"hesitant",0,0
"Other Adult",1378656,"homesick",0,0
"Other Adult",1378656,"hopeful",0,0
"Other Adult",1378656,"hopelessness",0,0
"Other Adult",1378656,"horrified",0,0
"Other Adult",1378656,"horror",0,0
"Other Adult",1378656,"hostile",0,0
"Other Adult",1378656,"hostility",0,0
"Other Adult",1378656,"humble",0,0
"Other Adult",1378656,"humiliated",0,0
"Other Adult",1378656,"humiliation",0,0
"Other Adult",1378656,"hung-up",0,0
"Other Adult",1378656,"hunger",0,0
"Other Adult",1378656,"ill-at-ease",0,0
"Other Adult",1378656,"impatience",0,0
"Other Adult",1378656,"impotent",0,0
"Other Adult",1378656,"in-love",0,0
"Other Adult",1378656,"inadequate",0,0
"Other Adult",1378656,"incensed",0,0
"Other Adult",1378656,"incredulous",0,0
"Other Adult",1378656,"indifference",0,0
"Other Adult",1378656,"indifferent",0,0
"Other Adult",1378656,"indignant",0,0
"Other Adult",1378656,"ineffective",0,0
"Other Adult",1378656,"infatuated",0,0
"Other Adult",1378656,"infatuation",0,0
"Other Adult",1378656,"inferior",0,0
"Other Adult",1378656,"inhibited",0,0
"Other Adult",1378656,"insecure",0,0
"Other Adult",1378656,"inspiration",0,0
"Other Adult",1378656,"insulted",0,0
"Other Adult",1378656,"intimate",0,0
"Other Adult",1378656,"intimidated",0,0
"Other Adult",1378656,"irate",0,0
"Other Adult",1378656,"irked",0,0
"Other Adult",1378656,"irritable",0,0
"Other Adult",1378656,"irritated",0,0
"Other Adult",1378656,"irritation",0,0
"Other Adult",1378656,"isolated",0,0
"Other Adult",1378656,"jealousy",0,0
"Other Adult",1378656,"jittery",0,0
"Other Adult",1378656,"joyless",0,0
"Other Adult",1378656,"joyous",0,0
"Other Adult",1378656,"jubilant",0,0
"Other Adult",1378656,"lighthearted",0,0
"Other Adult",1378656,"livid",0,0
"Other Adult",1378656,"loathe",0,0
"Other Adult",1378656,"loneliness",0,0
"Other Adult",1378656,"longing",0,0
"Other Adult",1378656,"lousy",0,0
"Other Adult",1378656,"lovesick",0,0
"Other Adult",1378656,"lust",0,0
"Other Adult",1378656,"malice",0,0
"Other Adult",1378656,"malicious",0,0
"Other Adult",1378656,"meek",0,0
"Other Adult",1378656,"melancholy",0,0
"Other Adult",1378656,"mischievous",0,0
"Other Adult",1378656,"mistreated",0,0
"Other Adult",1378656,"mixed-up",0,0
"Other Adult",1378656,"modest",0,0
"Other Adult",1378656,"mortified",0,0
"Other Adult",1378656,"mournful",0,0
"Other Adult",1378656,"nauseous",0,0
"Other Adult",1378656,"neglected",0,0
"Other Adult",1378656,"nervousness",0,0
"Other Adult",1378656,"nonchalant",0,0
"Other Adult",1378656,"nostalgia",0,0
"Other Adult",1378656,"nostalgic",0,0
"Other Adult",1378656,"obstinate",0,0
"Other Adult",1378656,"offended",0,0
"Other Adult",1378656,"on-edge",0,0
"Other Adult",1378656,"oppressed",0,0
"Other Adult",1378656,"optimism",0,0
"Other Adult",1378656,"outrage",0,0
"Other Adult",1378656,"outraged",0,0
"Other Adult",1378656,"overconfident",0,0
"Other Adult",1378656,"overjoyed",0,0
"Other Adult",1378656,"overwhelmed",0,0
"Other Adult",1378656,"pained",0,0
"Other Adult",1378656,"panic",0,0
"Other Adult",1378656,"passionate",0,0
"Other Adult",1378656,"peeved",0,0
"Other Adult",1378656,"perplexed",0,0
"Other Adult",1378656,"persecuted",0,0
"Other Adult",1378656,"pessimism",0,0
"Other Adult",1378656,"pessimistic",0,0
"Other Adult",1378656,"petrified",0,0
"Other Adult",1378656,"petty",0,0
"Other Adult",1378656,"phony",0,0
"Other Adult",1378656,"pining",0,0
"Other Adult",1378656,"pissed-off",0,0
"Other Adult",1378656,"pitiful",0,0
"Other Adult",1378656,"pity",0,0
"Other Adult",1378656,"placid",0,0
"Other Adult",1378656,"playful",0,0
"Other Adult",1378656,"prejudiced",0,0
"Other Adult",1378656,"pride",0,0
"Other Adult",1378656,"protective",0,0
"Other Adult",1378656,"purposeful",0,0
"Other Adult",1378656,"reassurance",0,0
"Other Adult",1378656,"reassured",0,0
"Other Adult",1378656,"rebellious",0,0
"Other Adult",1378656,"refreshed",0,0
"Other Adult",1378656,"regret",0,0
"Other Adult",1378656,"relieved",0,0
"Other Adult",1378656,"remorse",0,0
"Other Adult",1378656,"repentant",0,0
"Other Adult",1378656,"resent",0,0
"Other Adult",1378656,"resentful",0,0
"Other Adult",1378656,"resentment",0,0
"Other Adult",1378656,"resigned",0,0
"Other Adult",1378656,"rested",0,0
"Other Adult",1378656,"reverence",0,0
"Other Adult",1378656,"revived",0,0
"Other Adult",1378656,"rigid",0,0
"Other Adult",1378656,"sadness",0,0
"Other Adult",1378656,"sarcastic",0,0
"Other Adult",1378656,"scorn",0,0
"Other Adult",1378656,"scornful",0,0
"Other Adult",1378656,"secure",0,0
"Other Adult",1378656,"self-centered",0,0
"Other Adult",1378656,"self-confident",0,0
"Other Adult",1378656,"self-conscious",0,0
"Other Adult",1378656,"self-destructive",0,0
"Other Adult",1378656,"self-pity",0,0
"Other Adult",1378656,"self-satisfaction",0,0
"Other Adult",1378656,"self-satisfied",0,0
"Other Adult",1378656,"sentimental",0,0
"Other Adult",1378656,"serene",0,0
"Other Adult",1378656,"serenity",0,0
"Other Adult",1378656,"shaken",0,0
"Other Adult",1378656,"shook-up",0,0
"Other Adult",1378656,"sick-at-heart",0,0
"Other Adult",1378656,"sickened",0,0
"Other Adult",1378656,"sincere",0,0
"Other Adult",1378656,"skeptical",0,0
"Other Adult",1378656,"sleepiness",0,0
"Other Adult",1378656,"slighted",0,0
"Other Adult",1378656,"sluggish",0,0
"Other Adult",1378656,"smug",0,0
"Other Adult",1378656,"solemn",0,0
"Other Adult",1378656,"solemnity",0,0
"Other Adult",1378656,"soothed",0,0
"Other Adult",1378656,"sorrow",0,0
"Other Adult",1378656,"spiteful",0,0
"Other Adult",1378656,"stunned",0,0
"Other Adult",1378656,"suffering",0,0
"Other Adult",1378656,"superior",0,0
"Other Adult",1378656,"suspense",0,0
"Other Adult",1378656,"suspicion",0,0
"Other Adult",1378656,"suspicious",0,0
"Other Adult",1378656,"sympathetic",0,0
"Other Adult",1378656,"tender",0,0
"Other Adult",1378656,"terrified",0,0
"Other Adult",1378656,"thirst",0,0
"Other Adult",1378656,"threatened",0,0
"Other Adult",1378656,"thwarted",0,0
"Other Adult",1378656,"timid",0,0
"Other Adult",1378656,"tingly",0,0
"Other Adult",1378656,"tormented",0,0
"Other Adult",1378656,"triumphant",0,0
"Other Adult",1378656,"troubled",0,0
"Other Adult",1378656,"trustworthy",0,0
"Other Adult",1378656,"unattractive",0,0
"Other Adult",1378656,"uncared-for",0,0
"Other Adult",1378656,"uncertain",0,0
"Other Adult",1378656,"uncooperative",0,0
"Other Adult",1378656,"uneasy",0,0
"Other Adult",1378656,"unfaithful",0,0
"Other Adult",1378656,"unfriendly",0,0
"Other Adult",1378656,"unfulfilled",0,0
"Other Adult",1378656,"unimportant",0,0
"Other Adult",1378656,"uninterested",0,0
"Other Adult",1378656,"unlovable",0,0
"Other Adult",1378656,"unprotected",0,0
"Other Adult",1378656,"untroubled",0,0
"Other Adult",1378656,"untrustworthy",0,0
"Other Adult",1378656,"unworried",0,0
"Other Adult",1378656,"uptight",0,0
"Other Adult",1378656,"useless",0,0
"Other Adult",1378656,"vain",0,0
"Other Adult",1378656,"vanity",0,0
"Other Adult",1378656,"vengeful",0,0
"Other Adult",1378656,"vigor",0,0
"Other Adult",1378656,"vigorous",0,0
"Other Adult",1378656,"virtue",0,0
"Other Adult",1378656,"virtuous",0,0
"Other Adult",1378656,"vulnerable",0,0
"Other Adult",1378656,"warmhearted",0,0
"Other Adult",1378656,"willful",0,0
"Other Adult",1378656,"woe-stricken",0,0
"Other Adult",1378656,"yearning",0,0
"Other Child",198885,"emotion_count",3792,19.0662945923524
"Other Child",198885,"like",1019,5.12356386856726
"Other Child",198885,"want",795,3.99728486311185
"Other Child",198885,"well",375,1.88551172788295
"Other Child",198885,"good",206,1.03577444251703
"Other Child",198885,"bad",147,0.739120597330115
"Other Child",198885,"blue",134,0.673756190763507
"Other Child",198885,"funny",96,0.482691002338035
"Other Child",198885,"hurt",95,0.47766297106368
"Other Child",198885,"sure",55,0.276541720089499
"Other Child",198885,"kind",52,0.261457626266435
"Other Child",198885,"happy",48,0.241345501169017
"Other Child",198885,"silly",43,0.216205344797245
"Other Child",198885,"hate",40,0.201121250974181
"Other Child",198885,"sorry",39,0.196093219699827
"Other Child",198885,"love",37,0.186037157151117
"Other Child",198885,"quiet",37,0.186037157151117
"Other Child",198885,"stupid",37,0.186037157151117
"Other Child",198885,"scared",35,0.175981094602408
"Other Child",198885,"tired",33,0.165925032053699
"Other Child",198885,"alone",29,0.145812906956281
"Other Child",198885,"hungry",28,0.140784875681927
"Other Child",198885,"lost",26,0.130728813133218
"Other Child",198885,"sick",23,0.115644719310154
"Other Child",198885,"careful",22,0.1106166880358
"Other Child",198885,"mad",19,0.095532594212736
"Other Child",198885,"high",17,0.085476531664027
"Other Child",198885,"moved",17,0.085476531664027
"Other Child",198885,"fine",16,0.0804485003896724
"Other Child",198885,"touched",16,0.0804485003896724
"Other Child",198885,"crazy",15,0.0754204691153179
"Other Child",198885,"hope",15,0.0754204691153179
"Other Child",198885,"weird",15,0.0754204691153179
"Other Child",198885,"warm",13,0.0653644065666088
"Other Child",198885,"worry",13,0.0653644065666088
"Other Child",198885,"sleepy",11,0.0553083440178998
"Other Child",198885,"afraid",10,0.0502803127435453
"Other Child",198885,"lucky",10,0.0502803127435453
"Other Child",198885,"strong",10,0.0502803127435453
"Other Child",198885,"wonder",10,0.0502803127435453
"Other Child",198885,"odd",9,0.0452522814691907
"Other Child",198885,"sore",9,0.0452522814691907
"Other Child",198885,"thirsty",9,0.0452522814691907
"Other Child",198885,"greedy",8,0.0402242501948362
"Other Child",198885,"shame",8,0.0402242501948362
"Other Child",198885,"fright",7,0.0351962189204817
"Other Child",198885,"glad",7,0.0351962189204817
"Other Child",198885,"angry",6,0.0301681876461272
"Other Child",198885,"horrible",6,0.0301681876461272
"Other Child",198885,"patient",6,0.0301681876461272
"Other Child",198885,"itchy",5,0.0251401563717726
"Other Child",198885,"shy",5,0.0251401563717726
"Other Child",198885,"welcome",5,0.0251401563717726
"Other Child",198885,"safe",4,0.0201121250974181
"Other Child",198885,"merry",3,0.0150840938230636
"Other Child",198885,"sad",3,0.0150840938230636
"Other Child",198885,"surprise",3,0.0150840938230636
"Other Child",198885,"friendly",2,0.0100560625487091
"Other Child",198885,"hopeless",2,0.0100560625487091
"Other Child",198885,"interested",2,0.0100560625487091
"Other Child",198885,"lazy",2,0.0100560625487091
"Other Child",198885,"low",2,0.0100560625487091
"Other Child",198885,"strange",2,0.0100560625487091
"Other Child",198885,"terrible",2,0.0100560625487091
"Other Child",198885,"alarm",1,0.00502803127435453
"Other Child",198885,"amazed",1,0.00502803127435453
"Other Child",198885,"awful",1,0.00502803127435453
"Other Child",198885,"bored",1,0.00502803127435453
"Other Child",198885,"brave",1,0.00502803127435453
"Other Child",198885,"calm",1,0.00502803127435453
"Other Child",198885,"crushed",1,0.00502803127435453
"Other Child",198885,"fury",1,0.00502803127435453
"Other Child",198885,"gentle",1,0.00502803127435453
"Other Child",198885,"lonely",1,0.00502803127435453
"Other Child",198885,"loving",1,0.00502803127435453
"Other Child",198885,"ridiculous",1,0.00502803127435453
"Other Child",198885,"rotten",1,0.00502803127435453
"Other Child",198885,"terrific",1,0.00502803127435453
"Other Child",198885,"trust",1,0.00502803127435453
"Other Child",198885,"upset",1,0.00502803127435453
"Other Child",198885,"wonderful",1,0.00502803127435453
"Other Child",198885,"abandoned",0,0
"Other Child",198885,"abused",0,0
"Other Child",198885,"accept",0,0
"Other Child",198885,"admiration",0,0
"Other Child",198885,"admire",0,0
"Other Child",198885,"adore",0,0
"Other Child",198885,"adventurous",0,0
"Other Child",198885,"affection",0,0
"Other Child",198885,"affectionate",0,0
"Other Child",198885,"aggravated",0,0
"Other Child",198885,"aggressive",0,0
"Other Child",198885,"aggrieved",0,0
"Other Child",198885,"agitated",0,0
"Other Child",198885,"agitation",0,0
"Other Child",198885,"agony",0,0
"Other Child",198885,"alarmed",0,0
"Other Child",198885,"alert",0,0
"Other Child",198885,"alertness",0,0
"Other Child",198885,"aloof",0,0
"Other Child",198885,"amused",0,0
"Other Child",198885,"amusement",0,0
"Other Child",198885,"anger",0,0
"Other Child",198885,"anguish",0,0
"Other Child",198885,"anguished",0,0
"Other Child",198885,"annoyed",0,0
"Other Child",198885,"antagonistic",0,0
"Other Child",198885,"anxiety",0,0
"Other Child",198885,"anxious",0,0
"Other Child",198885,"apathetic",0,0
"Other Child",198885,"apathy",0,0
"Other Child",198885,"apologetic",0,0
"Other Child",198885,"appreciate",0,0
"Other Child",198885,"appreciation",0,0
"Other Child",198885,"apprehensive",0,0
"Other Child",198885,"approve-of",0,0
"Other Child",198885,"argumentative",0,0
"Other Child",198885,"arousal",0,0
"Other Child",198885,"aroused",0,0
"Other Child",198885,"arrogant",0,0
"Other Child",198885,"ashamed",0,0
"Other Child",198885,"astonished",0,0
"Other Child",198885,"at-ease",0,0
"Other Child",198885,"at-peace",0,0
"Other Child",198885,"attracted",0,0
"Other Child",198885,"attraction",0,0
"Other Child",198885,"attractive",0,0
"Other Child",198885,"aversion",0,0
"Other Child",198885,"aware",0,0
"Other Child",198885,"awe",0,0
"Other Child",198885,"awestruck",0,0
"Other Child",198885,"baffled",0,0
"Other Child",198885,"beaten",0,0
"Other Child",198885,"beloved",0,0
"Other Child",198885,"benevolent",0,0
"Other Child",198885,"bereft",0,0
"Other Child",198885,"bewildered",0,0
"Other Child",198885,"bitchy",0,0
"Other Child",198885,"bitter",0,0
"Other Child",198885,"bold",0,0
"Other Child",198885,"boredom",0,0
"Other Child",198885,"breathless",0,0
"Other Child",198885,"brokenhearted",0,0
"Other Child",198885,"burdened",0,0
"Other Child",198885,"carefree",0,0
"Other Child",198885,"careless",0,0
"Other Child",198885,"cautious",0,0
"Other Child",198885,"certain",0,0
"Other Child",198885,"charitable",0,0
"Other Child",198885,"charmed",0,0
"Other Child",198885,"cheated",0,0
"Other Child",198885,"cheered",0,0
"Other Child",198885,"cheerful",0,0
"Other Child",198885,"cheerfulness",0,0
"Other Child",198885,"cheerless",0,0
"Other Child",198885,"comfortable",0,0
"Other Child",198885,"compassion",0,0
"Other Child",198885,"compassionate",0,0
"Other Child",198885,"competent",0,0
"Other Child",198885,"competitive",0,0
"Other Child",198885,"complacent",0,0
"Other Child",198885,"conceit",0,0
"Other Child",198885,"conceited",0,0
"Other Child",198885,"concern",0,0
"Other Child",198885,"concerned",0,0
"Other Child",198885,"confidence",0,0
"Other Child",198885,"confident",0,0
"Other Child",198885,"confused",0,0
"Other Child",198885,"confusion",0,0
"Other Child",198885,"conscientious",0,0
"Other Child",198885,"consolation",0,0
"Other Child",198885,"consoled",0,0
"Other Child",198885,"contempt",0,0
"Other Child",198885,"contemptible",0,0
"Other Child",198885,"contemptuous",0,0
"Other Child",198885,"contented",0,0
"Other Child",198885,"contentment",0,0
"Other Child",198885,"contrite",0,0
"Other Child",198885,"convinced",0,0
"Other Child",198885,"cooperative",0,0
"Other Child",198885,"courage",0,0
"Other Child",198885,"courageous",0,0
"Other Child",198885,"cowardly",0,0
"Other Child",198885,"crabby",0,0
"Other Child",198885,"critical",0,0
"Other Child",198885,"cruel",0,0
"Other Child",198885,"cruelty",0,0
"Other Child",198885,"curiosity",0,0
"Other Child",198885,"curious",0,0
"Other Child",198885,"cynical",0,0
"Other Child",198885,"daring",0,0
"Other Child",198885,"dazed",0,0
"Other Child",198885,"defeated",0,0
"Other Child",198885,"defensive",0,0
"Other Child",198885,"defiant",0,0
"Other Child",198885,"deflated",0,0
"Other Child",198885,"degraded",0,0
"Other Child",198885,"dejected",0,0
"Other Child",198885,"dejection",0,0
"Other Child",198885,"delight",0,0
"Other Child",198885,"delighted",0,0
"Other Child",198885,"dependent",0,0
"Other Child",198885,"depressed",0,0
"Other Child",198885,"depression",0,0
"Other Child",198885,"deprived",0,0
"Other Child",198885,"desire",0,0
"Other Child",198885,"despair",0,0
"Other Child",198885,"desperate",0,0
"Other Child",198885,"despicable",0,0
"Other Child",198885,"despise",0,0
"Other Child",198885,"despondent",0,0
"Other Child",198885,"determination",0,0
"Other Child",198885,"determined",0,0
"Other Child",198885,"detest",0,0
"Other Child",198885,"devoted",0,0
"Other Child",198885,"devotion",0,0
"Other Child",198885,"disagreeable",0,0
"Other Child",198885,"disappointed",0,0
"Other Child",198885,"disappointment",0,0
"Other Child",198885,"disapprove-of",0,0
"Other Child",198885,"discontented",0,0
"Other Child",198885,"discouraged",0,0
"Other Child",198885,"disenchanted",0,0
"Other Child",198885,"disgraced",0,0
"Other Child",198885,"disgust",0,0
"Other Child",198885,"disgusted",0,0
"Other Child",198885,"disheartened",0,0
"Other Child",198885,"disillusioned",0,0
"Other Child",198885,"dislike",0,0
"Other Child",198885,"dismay",0,0
"Other Child",198885,"dismayed",0,0
"Other Child",198885,"displeased",0,0
"Other Child",198885,"dissatisfied",0,0
"Other Child",198885,"distress",0,0
"Other Child",198885,"distressed",0,0
"Other Child",198885,"disturbed",0,0
"Other Child",198885,"dizzy",0,0
"Other Child",198885,"dominated",0,0
"Other Child",198885,"doubt",0,0
"Other Child",198885,"doubtful",0,0
"Other Child",198885,"downhearted",0,0
"Other Child",198885,"dread",0,0
"Other Child",198885,"dreadful",0,0
"Other Child",198885,"dreary",0,0
"Other Child",198885,"droopy",0,0
"Other Child",198885,"drowsy",0,0
"Other Child",198885,"dull",0,0
"Other Child",198885,"eager",0,0
"Other Child",198885,"earnest",0,0
"Other Child",198885,"ecstasy",0,0
"Other Child",198885,"ecstatic",0,0
"Other Child",198885,"elated",0,0
"Other Child",198885,"elation",0,0
"Other Child",198885,"embarrassed",0,0
"Other Child",198885,"embarrassment",0,0
"Other Child",198885,"emotional",0,0
"Other Child",198885,"empathy",0,0
"Other Child",198885,"encouraged",0,0
"Other Child",198885,"encouragement",0,0
"Other Child",198885,"energetic",0,0
"Other Child",198885,"enjoy",0,0
"Other Child",198885,"enjoyment",0,0
"Other Child",198885,"enthusiasm",0,0
"Other Child",198885,"enthusiastic",0,0
"Other Child",198885,"envious",0,0
"Other Child",198885,"envy",0,0
"Other Child",198885,"euphoria",0,0
"Other Child",198885,"euphoric",0,0
"Other Child",198885,"exasperated",0,0
"Other Child",198885,"exasperation",0,0
"Other Child",198885,"excited",0,0
"Other Child",198885,"excitement",0,0
"Other Child",198885,"exhausted",0,0
"Other Child",198885,"exhaustion",0,0
"Other Child",198885,"expectant",0,0
"Other Child",198885,"faint",0,0
"Other Child",198885,"faithful",0,0
"Other Child",198885,"fascinated",0,0
"Other Child",198885,"fascination",0,0
"Other Child",198885,"fatigue",0,0
"Other Child",198885,"fatigued",0,0
"Other Child",198885,"fear",0,0
"Other Child",198885,"fearful",0,0
"Other Child",198885,"fed-up",0,0
"Other Child",198885,"feverish",0,0
"Other Child",198885,"flabbergasted",0,0
"Other Child",198885,"fond",0,0
"Other Child",198885,"fondness",0,0
"Other Child",198885,"foolish",0,0
"Other Child",198885,"forgive",0,0
"Other Child",198885,"friendliness",0,0
"Other Child",198885,"frightened",0,0
"Other Child",198885,"frustrated",0,0
"Other Child",198885,"frustration",0,0
"Other Child",198885,"fulfilled",0,0
"Other Child",198885,"furious",0,0
"Other Child",198885,"gaiety",0,0
"Other Child",198885,"generous",0,0
"Other Child",198885,"gleeful",0,0
"Other Child",198885,"gloomy",0,0
"Other Child",198885,"glorious",0,0
"Other Child",198885,"glum",0,0
"Other Child",198885,"grateful",0,0
"Other Child",198885,"gratified",0,0
"Other Child",198885,"gratitude",0,0
"Other Child",198885,"greed",0,0
"Other Child",198885,"grief",0,0
"Other Child",198885,"grief-stricken",0,0
"Other Child",198885,"grieve",0,0
"Other Child",198885,"grouchy",0,0
"Other Child",198885,"guilt",0,0
"Other Child",198885,"guiltless",0,0
"Other Child",198885,"guilty",0,0
"Other Child",198885,"happiness",0,0
"Other Child",198885,"hateful",0,0
"Other Child",198885,"hazy",0,0
"Other Child",198885,"heart-stricken",0,0
"Other Child",198885,"heartbroken",0,0
"Other Child",198885,"heartened",0,0
"Other Child",198885,"heartsick",0,0
"Other Child",198885,"heartsore",0,0
"Other Child",198885,"heavy-hearted",0,0
"Other Child",198885,"helpless",0,0
"Other Child",198885,"hesitant",0,0
"Other Child",198885,"homesick",0,0
"Other Child",198885,"hopeful",0,0
"Other Child",198885,"hopelessness",0,0
"Other Child",198885,"horrified",0,0
"Other Child",198885,"horror",0,0
"Other Child",198885,"hostile",0,0
"Other Child",198885,"hostility",0,0
"Other Child",198885,"humble",0,0
"Other Child",198885,"humiliated",0,0
"Other Child",198885,"humiliation",0,0
"Other Child",198885,"hung-up",0,0
"Other Child",198885,"hunger",0,0
"Other Child",198885,"ignored",0,0
"Other Child",198885,"ill",0,0
"Other Child",198885,"ill-at-ease",0,0
"Other Child",198885,"impatience",0,0
"Other Child",198885,"impatient",0,0
"Other Child",198885,"impotent",0,0
"Other Child",198885,"impressed",0,0
"Other Child",198885,"in-love",0,0
"Other Child",198885,"inadequate",0,0
"Other Child",198885,"incensed",0,0
"Other Child",198885,"incredulous",0,0
"Other Child",198885,"indifference",0,0
"Other Child",198885,"indifferent",0,0
"Other Child",198885,"indignant",0,0
"Other Child",198885,"ineffective",0,0
"Other Child",198885,"infatuated",0,0
"Other Child",198885,"infatuation",0,0
"Other Child",198885,"inferior",0,0
"Other Child",198885,"inhibited",0,0
"Other Child",198885,"insecure",0,0
"Other Child",198885,"inspiration",0,0
"Other Child",198885,"inspired",0,0
"Other Child",198885,"insulted",0,0
"Other Child",198885,"interest",0,0
"Other Child",198885,"intimate",0,0
"Other Child",198885,"intimidated",0,0
"Other Child",198885,"irate",0,0
"Other Child",198885,"irked",0,0
"Other Child",198885,"irritable",0,0
"Other Child",198885,"irritated",0,0
"Other Child",198885,"irritation",0,0
"Other Child",198885,"isolated",0,0
"Other Child",198885,"jealous",0,0
"Other Child",198885,"jealousy",0,0
"Other Child",198885,"jittery",0,0
"Other Child",198885,"joy",0,0
"Other Child",198885,"joyful",0,0
"Other Child",198885,"joyless",0,0
"Other Child",198885,"joyous",0,0
"Other Child",198885,"jubilant",0,0
"Other Child",198885,"lighthearted",0,0
"Other Child",198885,"lively",0,0
"Other Child",198885,"livid",0,0
"Other Child",198885,"loathe",0,0
"Other Child",198885,"loneliness",0,0
"Other Child",198885,"lonesome",0,0
"Other Child",198885,"longing",0,0
"Other Child",198885,"lousy",0,0
"Other Child",198885,"lovable",0,0
"Other Child",198885,"lovesick",0,0
"Other Child",198885,"lust",0,0
"Other Child",198885,"malice",0,0
"Other Child",198885,"malicious",0,0
"Other Child",198885,"marvelous",0,0
"Other Child",198885,"meek",0,0
"Other Child",198885,"melancholy",0,0
"Other Child",198885,"mischievous",0,0
"Other Child",198885,"miserable",0,0
"Other Child",198885,"misery",0,0
"Other Child",198885,"mistreated",0,0
"Other Child",198885,"mixed-up",0,0
"Other Child",198885,"modest",0,0
"Other Child",198885,"modesty",0,0
"Other Child",198885,"mortified",0,0
"Other Child",198885,"mournful",0,0
"Other Child",198885,"nauseous",0,0
"Other Child",198885,"neglected",0,0
"Other Child",198885,"nervous",0,0
"Other Child",198885,"nervousness",0,0
"Other Child",198885,"nonchalant",0,0
"Other Child",198885,"nostalgia",0,0
"Other Child",198885,"nostalgic",0,0
"Other Child",198885,"numb",0,0
"Other Child",198885,"obstinate",0,0
"Other Child",198885,"offended",0,0
"Other Child",198885,"on-edge",0,0
"Other Child",198885,"oppressed",0,0
"Other Child",198885,"optimism",0,0
"Other Child",198885,"optimistic",0,0
"Other Child",198885,"outrage",0,0
"Other Child",198885,"outraged",0,0
"Other Child",198885,"overconfident",0,0
"Other Child",198885,"overjoyed",0,0
"Other Child",198885,"overwhelmed",0,0
"Other Child",198885,"pain",0,0
"Other Child",198885,"pained",0,0
"Other Child",198885,"panic",0,0
"Other Child",198885,"passion",0,0
"Other Child",198885,"passionate",0,0
"Other Child",198885,"pathetic",0,0
"Other Child",198885,"peaceful",0,0
"Other Child",198885,"peculiar",0,0
"Other Child",198885,"peeved",0,0
"Other Child",198885,"perplexed",0,0
"Other Child",198885,"persecuted",0,0
"Other Child",198885,"pessimism",0,0
"Other Child",198885,"pessimistic",0,0
"Other Child",198885,"petrified",0,0
"Other Child",198885,"petty",0,0
"Other Child",198885,"phony",0,0
"Other Child",198885,"pining",0,0
"Other Child",198885,"pissed-off",0,0
"Other Child",198885,"pitiful",0,0
"Other Child",198885,"pity",0,0
"Other Child",198885,"placid",0,0
"Other Child",198885,"playful",0,0
"Other Child",198885,"pleasant",0,0
"Other Child",198885,"pleased",0,0
"Other Child",198885,"pleasure",0,0
"Other Child",198885,"powerful",0,0
"Other Child",198885,"prejudiced",0,0
"Other Child",198885,"pride",0,0
"Other Child",198885,"protective",0,0
"Other Child",198885,"proud",0,0
"Other Child",198885,"purposeful",0,0
"Other Child",198885,"rage",0,0
"Other Child",198885,"reassurance",0,0
"Other Child",198885,"reassured",0,0
"Other Child",198885,"rebellious",0,0
"Other Child",198885,"reckless",0,0
"Other Child",198885,"refreshed",0,0
"Other Child",198885,"regret",0,0
"Other Child",198885,"relaxed",0,0
"Other Child",198885,"relief",0,0
"Other Child",198885,"relieved",0,0
"Other Child",198885,"remorse",0,0
"Other Child",198885,"repentant",0,0
"Other Child",198885,"resent",0,0
"Other Child",198885,"resentful",0,0
"Other Child",198885,"resentment",0,0
"Other Child",198885,"resigned",0,0
"Other Child",198885,"respect",0,0
"Other Child",198885,"rested",0,0
"Other Child",198885,"restless",0,0
"Other Child",198885,"reverence",0,0
"Other Child",198885,"revived",0,0
"Other Child",198885,"rigid",0,0
"Other Child",198885,"sadness",0,0
"Other Child",198885,"sarcastic",0,0
"Other Child",198885,"satisfaction",0,0
"Other Child",198885,"satisfied",0,0
"Other Child",198885,"scorn",0,0
"Other Child",198885,"scornful",0,0
"Other Child",198885,"secure",0,0
"Other Child",198885,"self-centered",0,0
"Other Child",198885,"self-confident",0,0
"Other Child",198885,"self-conscious",0,0
"Other Child",198885,"self-destructive",0,0
"Other Child",198885,"self-pity",0,0
"Other Child",198885,"self-satisfaction",0,0
"Other Child",198885,"self-satisfied",0,0
"Other Child",198885,"selfish",0,0
"Other Child",198885,"sensitive",0,0
"Other Child",198885,"sentimental",0,0
"Other Child",198885,"serene",0,0
"Other Child",198885,"serenity",0,0
"Other Child",198885,"serious",0,0
"Other Child",198885,"sexy",0,0
"Other Child",198885,"shaken",0,0
"Other Child",198885,"shock",0,0
"Other Child",198885,"shocked",0,0
"Other Child",198885,"shook-up",0,0
"Other Child",198885,"sick-at-heart",0,0
"Other Child",198885,"sickened",0,0
"Other Child",198885,"sincere",0,0
"Other Child",198885,"skeptical",0,0
"Other Child",198885,"sleepiness",0,0
"Other Child",198885,"slighted",0,0
"Other Child",198885,"sluggish",0,0
"Other Child",198885,"smug",0,0
"Other Child",198885,"solemn",0,0
"Other Child",198885,"solemnity",0,0
"Other Child",198885,"soothed",0,0
"Other Child",198885,"sorrow",0,0
"Other Child",198885,"spiteful",0,0
"Other Child",198885,"startled",0,0
"Other Child",198885,"stubborn",0,0
"Other Child",198885,"stunned",0,0
"Other Child",198885,"successful",0,0
"Other Child",198885,"suffering",0,0
"Other Child",198885,"superior",0,0
"Other Child",198885,"surprised",0,0
"Other Child",198885,"suspense",0,0
"Other Child",198885,"suspicion",0,0
"Other Child",198885,"suspicious",0,0
"Other Child",198885,"sympathetic",0,0
"Other Child",198885,"sympathy",0,0
"Other Child",198885,"tender",0,0
"Other Child",198885,"tense",0,0
"Other Child",198885,"terrified",0,0
"Other Child",198885,"terror",0,0
"Other Child",198885,"thankful",0,0
"Other Child",198885,"thirst",0,0
"Other Child",198885,"threatened",0,0
"Other Child",198885,"thrilled",0,0
"Other Child",198885,"thwarted",0,0
"Other Child",198885,"timid",0,0
"Other Child",198885,"tingly",0,0
"Other Child",198885,"tolerant",0,0
"Other Child",198885,"tormented",0,0
"Other Child",198885,"triumphant",0,0
"Other Child",198885,"troubled",0,0
"Other Child",198885,"trustworthy",0,0
"Other Child",198885,"unattractive",0,0
"Other Child",198885,"uncared-for",0,0
"Other Child",198885,"uncertain",0,0
"Other Child",198885,"uncomfortable",0,0
"Other Child",198885,"uncooperative",0,0
"Other Child",198885,"uneasy",0,0
"Other Child",198885,"unfaithful",0,0
"Other Child",198885,"unfriendly",0,0
"Other Child",198885,"unfulfilled",0,0
"Other Child",198885,"unhappy",0,0
"Other Child",198885,"unimportant",0,0
"Other Child",198885,"uninterested",0,0
"Other Child",198885,"unlovable",0,0
"Other Child",198885,"unpleasant",0,0
"Other Child",198885,"unprotected",0,0
"Other Child",198885,"untroubled",0,0
"Other Child",198885,"untrustworthy",0,0
"Other Child",198885,"unworried",0,0
"Other Child",198885,"uptight",0,0
"Other Child",198885,"useless",0,0
"Other Child",198885,"vain",0,0
"Other Child",198885,"vanity",0,0
"Other Child",198885,"vengeful",0,0
"Other Child",198885,"vigor",0,0
"Other Child",198885,"vigorous",0,0
"Other Child",198885,"violent",0,0
"Other Child",198885,"virtue",0,0
"Other Child",198885,"virtuous",0,0
"Other Child",198885,"vulnerable",0,0
"Other Child",198885,"warmhearted",0,0
"Other Child",198885,"weak",0,0
"Other Child",198885,"weary",0,0
"Other Child",198885,"willful",0,0
"Other Child",198885,"woe-stricken",0,0
"Other Child",198885,"worried",0,0
"Other Child",198885,"yearning",0,0
"Sibling",267624,"emotion_count",5856,21.8814456102592
"Sibling",267624,"like",1585,5.92248826712104
"Sibling",267624,"want",1349,5.04065405195349
"Sibling",267624,"good",512,1.91313185663468
"Sibling",267624,"well",503,1.87950258571727
"Sibling",267624,"love",130,0.48575613547365
"Sibling",267624,"blue",120,0.448390278898753
"Sibling",267624,"kind",120,0.448390278898753
"Sibling",267624,"bad",118,0.440917107583774
"Sibling",267624,"quiet",92,0.343765880489044
"Sibling",267624,"sure",84,0.313873195229127
"Sibling",267624,"hungry",80,0.298926852599169
"Sibling",267624,"funny",79,0.295190266941679
"Sibling",267624,"hurt",70,0.261560996024273
"Sibling",267624,"hate",61,0.227931725106866
"Sibling",267624,"happy",57,0.212985382476908
"Sibling",267624,"sorry",51,0.19056586853197
"Sibling",267624,"high",46,0.171882940244522
"Sibling",267624,"tired",41,0.153200011957074
"Sibling",267624,"sick",40,0.149463426299584
"Sibling",267624,"lost",37,0.138253669327116
"Sibling",267624,"alone",36,0.134517083669626
"Sibling",267624,"hope",36,0.134517083669626
"Sibling",267624,"fine",35,0.130780498012136
"Sibling",267624,"stupid",35,0.130780498012136
"Sibling",267624,"welcome",29,0.108360984067199
"Sibling",267624,"silly",28,0.104624398409709
"Sibling",267624,"wonder",28,0.104624398409709
"Sibling",267624,"warm",26,0.0971512270947299
"Sibling",267624,"worry",26,0.0971512270947299
"Sibling",267624,"scared",21,0.0784682988072819
"Sibling",267624,"careful",20,0.0747317131497922
"Sibling",267624,"crazy",20,0.0747317131497922
"Sibling",267624,"thirsty",19,0.0709951274923026
"Sibling",267624,"lucky",18,0.067258541834813
"Sibling",267624,"mad",18,0.067258541834813
"Sibling",267624,"sad",16,0.0597853705198338
"Sibling",267624,"weird",16,0.0597853705198338
"Sibling",267624,"surprise",12,0.0448390278898754
"Sibling",267624,"moved",11,0.0411024422323857
"Sibling",267624,"afraid",9,0.0336292709174065
"Sibling",267624,"merry",9,0.0336292709174065
"Sibling",267624,"sleepy",9,0.0336292709174065
"Sibling",267624,"strong",9,0.0336292709174065
"Sibling",267624,"angry",8,0.0298926852599169
"Sibling",267624,"rotten",8,0.0298926852599169
"Sibling",267624,"shame",8,0.0298926852599169
"Sibling",267624,"awful",7,0.0261560996024273
"Sibling",267624,"gentle",7,0.0261560996024273
"Sibling",267624,"odd",7,0.0261560996024273
"Sibling",267624,"glad",6,0.0224195139449377
"Sibling",267624,"upset",6,0.0224195139449377
"Sibling",267624,"weak",6,0.0224195139449377
"Sibling",267624,"wonderful",6,0.0224195139449377
"Sibling",267624,"bored",5,0.0186829282874481
"Sibling",267624,"low",5,0.0186829282874481
"Sibling",267624,"pleasure",5,0.0186829282874481
"Sibling",267624,"ridiculous",5,0.0186829282874481
"Sibling",267624,"safe",5,0.0186829282874481
"Sibling",267624,"strange",5,0.0186829282874481
"Sibling",267624,"courage",4,0.0149463426299584
"Sibling",267624,"ill",4,0.0149463426299584
"Sibling",267624,"proud",4,0.0149463426299584
"Sibling",267624,"serious",4,0.0149463426299584
"Sibling",267624,"sore",4,0.0149463426299584
"Sibling",267624,"terrible",4,0.0149463426299584
"Sibling",267624,"alert",3,0.0112097569724688
"Sibling",267624,"bitter",3,0.0112097569724688
"Sibling",267624,"lazy",3,0.0112097569724688
"Sibling",267624,"phony",3,0.0112097569724688
"Sibling",267624,"touched",3,0.0112097569724688
"Sibling",267624,"calm",2,0.00747317131497922
"Sibling",267624,"excited",2,0.00747317131497922
"Sibling",267624,"faint",2,0.00747317131497922
"Sibling",267624,"forgive",2,0.00747317131497922
"Sibling",267624,"friendly",2,0.00747317131497922
"Sibling",267624,"horrible",2,0.00747317131497922
"Sibling",267624,"regret",2,0.00747317131497922
"Sibling",267624,"satisfied",2,0.00747317131497922
"Sibling",267624,"shy",2,0.00747317131497922
"Sibling",267624,"stubborn",2,0.00747317131497922
"Sibling",267624,"tender",2,0.00747317131497922
"Sibling",267624,"terrific",2,0.00747317131497922
"Sibling",267624,"alarm",1,0.00373658565748961
"Sibling",267624,"beaten",1,0.00373658565748961
"Sibling",267624,"bold",1,0.00373658565748961
"Sibling",267624,"brave",1,0.00373658565748961
"Sibling",267624,"comfortable",1,0.00373658565748961
"Sibling",267624,"confused",1,0.00373658565748961
"Sibling",267624,"convinced",1,0.00373658565748961
"Sibling",267624,"cooperative",1,0.00373658565748961
"Sibling",267624,"cruel",1,0.00373658565748961
"Sibling",267624,"curious",1,0.00373658565748961
"Sibling",267624,"doubt",1,0.00373658565748961
"Sibling",267624,"embarrassed",1,0.00373658565748961
"Sibling",267624,"fear",1,0.00373658565748961
"Sibling",267624,"foolish",1,0.00373658565748961
"Sibling",267624,"furious",1,0.00373658565748961
"Sibling",267624,"greed",1,0.00373658565748961
"Sibling",267624,"greedy",1,0.00373658565748961
"Sibling",267624,"grouchy",1,0.00373658565748961
"Sibling",267624,"guilty",1,0.00373658565748961
"Sibling",267624,"horror",1,0.00373658565748961
"Sibling",267624,"interest",1,0.00373658565748961
"Sibling",267624,"itchy",1,0.00373658565748961
"Sibling",267624,"jealous",1,0.00373658565748961
"Sibling",267624,"loving",1,0.00373658565748961
"Sibling",267624,"nauseous",1,0.00373658565748961
"Sibling",267624,"numb",1,0.00373658565748961
"Sibling",267624,"powerful",1,0.00373658565748961
"Sibling",267624,"pride",1,0.00373658565748961
"Sibling",267624,"sexy",1,0.00373658565748961
"Sibling",267624,"surprised",1,0.00373658565748961
"Sibling",267624,"unhappy",1,0.00373658565748961
"Sibling",267624,"uptight",1,0.00373658565748961
"Sibling",267624,"worried",1,0.00373658565748961
"Sibling",267624,"abandoned",0,0
"Sibling",267624,"abused",0,0
"Sibling",267624,"accept",0,0
"Sibling",267624,"admiration",0,0
"Sibling",267624,"admire",0,0
"Sibling",267624,"adore",0,0
"Sibling",267624,"adventurous",0,0
"Sibling",267624,"affection",0,0
"Sibling",267624,"affectionate",0,0
"Sibling",267624,"aggravated",0,0
"Sibling",267624,"aggressive",0,0
"Sibling",267624,"aggrieved",0,0
"Sibling",267624,"agitated",0,0
"Sibling",267624,"agitation",0,0
"Sibling",267624,"agony",0,0
"Sibling",267624,"alarmed",0,0
"Sibling",267624,"alertness",0,0
"Sibling",267624,"aloof",0,0
"Sibling",267624,"amazed",0,0
"Sibling",267624,"amused",0,0
"Sibling",267624,"amusement",0,0
"Sibling",267624,"anger",0,0
"Sibling",267624,"anguish",0,0
"Sibling",267624,"anguished",0,0
"Sibling",267624,"annoyed",0,0
"Sibling",267624,"antagonistic",0,0
"Sibling",267624,"anxiety",0,0
"Sibling",267624,"anxious",0,0
"Sibling",267624,"apathetic",0,0
"Sibling",267624,"apathy",0,0
"Sibling",267624,"apologetic",0,0
"Sibling",267624,"appreciate",0,0
"Sibling",267624,"appreciation",0,0
"Sibling",267624,"apprehensive",0,0
"Sibling",267624,"approve-of",0,0
"Sibling",267624,"argumentative",0,0
"Sibling",267624,"arousal",0,0
"Sibling",267624,"aroused",0,0
"Sibling",267624,"arrogant",0,0
"Sibling",267624,"ashamed",0,0
"Sibling",267624,"astonished",0,0
"Sibling",267624,"at-ease",0,0
"Sibling",267624,"at-peace",0,0
"Sibling",267624,"attracted",0,0
"Sibling",267624,"attraction",0,0
"Sibling",267624,"attractive",0,0
"Sibling",267624,"aversion",0,0
"Sibling",267624,"aware",0,0
"Sibling",267624,"awe",0,0
"Sibling",267624,"awestruck",0,0
"Sibling",267624,"baffled",0,0
"Sibling",267624,"beloved",0,0
"Sibling",267624,"benevolent",0,0
"Sibling",267624,"bereft",0,0
"Sibling",267624,"bewildered",0,0
"Sibling",267624,"bitchy",0,0
"Sibling",267624,"boredom",0,0
"Sibling",267624,"breathless",0,0
"Sibling",267624,"brokenhearted",0,0
"Sibling",267624,"burdened",0,0
"Sibling",267624,"carefree",0,0
"Sibling",267624,"careless",0,0
"Sibling",267624,"cautious",0,0
"Sibling",267624,"certain",0,0
"Sibling",267624,"charitable",0,0
"Sibling",267624,"charmed",0,0
"Sibling",267624,"cheated",0,0
"Sibling",267624,"cheered",0,0
"Sibling",267624,"cheerful",0,0
"Sibling",267624,"cheerfulness",0,0
"Sibling",267624,"cheerless",0,0
"Sibling",267624,"compassion",0,0
"Sibling",267624,"compassionate",0,0
"Sibling",267624,"competent",0,0
"Sibling",267624,"competitive",0,0
"Sibling",267624,"complacent",0,0
"Sibling",267624,"conceit",0,0
"Sibling",267624,"conceited",0,0
"Sibling",267624,"concern",0,0
"Sibling",267624,"concerned",0,0
"Sibling",267624,"confidence",0,0
"Sibling",267624,"confident",0,0
"Sibling",267624,"confusion",0,0
"Sibling",267624,"conscientious",0,0
"Sibling",267624,"consolation",0,0
"Sibling",267624,"consoled",0,0
"Sibling",267624,"contempt",0,0
"Sibling",267624,"contemptible",0,0
"Sibling",267624,"contemptuous",0,0
"Sibling",267624,"contented",0,0
"Sibling",267624,"contentment",0,0
"Sibling",267624,"contrite",0,0
"Sibling",267624,"courageous",0,0
"Sibling",267624,"cowardly",0,0
"Sibling",267624,"crabby",0,0
"Sibling",267624,"critical",0,0
"Sibling",267624,"cruelty",0,0
"Sibling",267624,"crushed",0,0
"Sibling",267624,"curiosity",0,0
"Sibling",267624,"cynical",0,0
"Sibling",267624,"daring",0,0
"Sibling",267624,"dazed",0,0
"Sibling",267624,"defeated",0,0
"Sibling",267624,"defensive",0,0
"Sibling",267624,"defiant",0,0
"Sibling",267624,"deflated",0,0
"Sibling",267624,"degraded",0,0
"Sibling",267624,"dejected",0,0
"Sibling",267624,"dejection",0,0
"Sibling",267624,"delight",0,0
"Sibling",267624,"delighted",0,0
"Sibling",267624,"dependent",0,0
"Sibling",267624,"depressed",0,0
"Sibling",267624,"depression",0,0
"Sibling",267624,"deprived",0,0
"Sibling",267624,"desire",0,0
"Sibling",267624,"despair",0,0
"Sibling",267624,"desperate",0,0
"Sibling",267624,"despicable",0,0
"Sibling",267624,"despise",0,0
"Sibling",267624,"despondent",0,0
"Sibling",267624,"determination",0,0
"Sibling",267624,"determined",0,0
"Sibling",267624,"detest",0,0
"Sibling",267624,"devoted",0,0
"Sibling",267624,"devotion",0,0
"Sibling",267624,"disagreeable",0,0
"Sibling",267624,"disappointed",0,0
"Sibling",267624,"disappointment",0,0
"Sibling",267624,"disapprove-of",0,0
"Sibling",267624,"discontented",0,0
"Sibling",267624,"discouraged",0,0
"Sibling",267624,"disenchanted",0,0
"Sibling",267624,"disgraced",0,0
"Sibling",267624,"disgust",0,0
"Sibling",267624,"disgusted",0,0
"Sibling",267624,"disheartened",0,0
"Sibling",267624,"disillusioned",0,0
"Sibling",267624,"dislike",0,0
"Sibling",267624,"dismay",0,0
"Sibling",267624,"dismayed",0,0
"Sibling",267624,"displeased",0,0
"Sibling",267624,"dissatisfied",0,0
"Sibling",267624,"distress",0,0
"Sibling",267624,"distressed",0,0
"Sibling",267624,"disturbed",0,0
"Sibling",267624,"dizzy",0,0
"Sibling",267624,"dominated",0,0
"Sibling",267624,"doubtful",0,0
"Sibling",267624,"downhearted",0,0
"Sibling",267624,"dread",0,0
"Sibling",267624,"dreadful",0,0
"Sibling",267624,"dreary",0,0
"Sibling",267624,"droopy",0,0
"Sibling",267624,"drowsy",0,0
"Sibling",267624,"dull",0,0
"Sibling",267624,"eager",0,0
"Sibling",267624,"earnest",0,0
"Sibling",267624,"ecstasy",0,0
"Sibling",267624,"ecstatic",0,0
"Sibling",267624,"elated",0,0
"Sibling",267624,"elation",0,0
"Sibling",267624,"embarrassment",0,0
"Sibling",267624,"emotional",0,0
"Sibling",267624,"empathy",0,0
"Sibling",267624,"encouraged",0,0
"Sibling",267624,"encouragement",0,0
"Sibling",267624,"energetic",0,0
"Sibling",267624,"enjoy",0,0
"Sibling",267624,"enjoyment",0,0
"Sibling",267624,"enthusiasm",0,0
"Sibling",267624,"enthusiastic",0,0
"Sibling",267624,"envious",0,0
"Sibling",267624,"envy",0,0
"Sibling",267624,"euphoria",0,0
"Sibling",267624,"euphoric",0,0
"Sibling",267624,"exasperated",0,0
"Sibling",267624,"exasperation",0,0
"Sibling",267624,"excitement",0,0
"Sibling",267624,"exhausted",0,0
"Sibling",267624,"exhaustion",0,0
"Sibling",267624,"expectant",0,0
"Sibling",267624,"faithful",0,0
"Sibling",267624,"fascinated",0,0
"Sibling",267624,"fascination",0,0
"Sibling",267624,"fatigue",0,0
"Sibling",267624,"fatigued",0,0
"Sibling",267624,"fearful",0,0
"Sibling",267624,"fed-up",0,0
"Sibling",267624,"feverish",0,0
"Sibling",267624,"flabbergasted",0,0
"Sibling",267624,"fond",0,0
"Sibling",267624,"fondness",0,0
"Sibling",267624,"friendliness",0,0
"Sibling",267624,"fright",0,0
"Sibling",267624,"frightened",0,0
"Sibling",267624,"frustrated",0,0
"Sibling",267624,"frustration",0,0
"Sibling",267624,"fulfilled",0,0
"Sibling",267624,"fury",0,0
"Sibling",267624,"gaiety",0,0
"Sibling",267624,"generous",0,0
"Sibling",267624,"gleeful",0,0
"Sibling",267624,"gloomy",0,0
"Sibling",267624,"glorious",0,0
"Sibling",267624,"glum",0,0
"Sibling",267624,"grateful",0,0
"Sibling",267624,"gratified",0,0
"Sibling",267624,"gratitude",0,0
"Sibling",267624,"grief",0,0
"Sibling",267624,"grief-stricken",0,0
"Sibling",267624,"grieve",0,0
"Sibling",267624,"guilt",0,0
"Sibling",267624,"guiltless",0,0
"Sibling",267624,"happiness",0,0
"Sibling",267624,"hateful",0,0
"Sibling",267624,"hazy",0,0
"Sibling",267624,"heart-stricken",0,0
"Sibling",267624,"heartbroken",0,0
"Sibling",267624,"heartened",0,0
"Sibling",267624,"heartsick",0,0
"Sibling",267624,"heartsore",0,0
"Sibling",267624,"heavy-hearted",0,0
"Sibling",267624,"helpless",0,0
"Sibling",267624,"hesitant",0,0
"Sibling",267624,"homesick",0,0
"Sibling",267624,"hopeful",0,0
"Sibling",267624,"hopeless",0,0
"Sibling",267624,"hopelessness",0,0
"Sibling",267624,"horrified",0,0
"Sibling",267624,"hostile",0,0
"Sibling",267624,"hostility",0,0
"Sibling",267624,"humble",0,0
"Sibling",267624,"humiliated",0,0
"Sibling",267624,"humiliation",0,0
"Sibling",267624,"hung-up",0,0
"Sibling",267624,"hunger",0,0
"Sibling",267624,"ignored",0,0
"Sibling",267624,"ill-at-ease",0,0
"Sibling",267624,"impatience",0,0
"Sibling",267624,"impatient",0,0
"Sibling",267624,"impotent",0,0
"Sibling",267624,"impressed",0,0
"Sibling",267624,"in-love",0,0
"Sibling",267624,"inadequate",0,0
"Sibling",267624,"incensed",0,0
"Sibling",267624,"incredulous",0,0
"Sibling",267624,"indifference",0,0
"Sibling",267624,"indifferent",0,0
"Sibling",267624,"indignant",0,0
"Sibling",267624,"ineffective",0,0
"Sibling",267624,"infatuated",0,0
"Sibling",267624,"infatuation",0,0
"Sibling",267624,"inferior",0,0
"Sibling",267624,"inhibited",0,0
"Sibling",267624,"insecure",0,0
"Sibling",267624,"inspiration",0,0
"Sibling",267624,"inspired",0,0
"Sibling",267624,"insulted",0,0
"Sibling",267624,"interested",0,0
"Sibling",267624,"intimate",0,0
"Sibling",267624,"intimidated",0,0
"Sibling",267624,"irate",0,0
"Sibling",267624,"irked",0,0
"Sibling",267624,"irritable",0,0
"Sibling",267624,"irritated",0,0
"Sibling",267624,"irritation",0,0
"Sibling",267624,"isolated",0,0
"Sibling",267624,"jealousy",0,0
"Sibling",267624,"jittery",0,0
"Sibling",267624,"joy",0,0
"Sibling",267624,"joyful",0,0
"Sibling",267624,"joyless",0,0
"Sibling",267624,"joyous",0,0
"Sibling",267624,"jubilant",0,0
"Sibling",267624,"lighthearted",0,0
"Sibling",267624,"lively",0,0
"Sibling",267624,"livid",0,0
"Sibling",267624,"loathe",0,0
"Sibling",267624,"loneliness",0,0
"Sibling",267624,"lonely",0,0
"Sibling",267624,"lonesome",0,0
"Sibling",267624,"longing",0,0
"Sibling",267624,"lousy",0,0
"Sibling",267624,"lovable",0,0
"Sibling",267624,"lovesick",0,0
"Sibling",267624,"lust",0,0
"Sibling",267624,"malice",0,0
"Sibling",267624,"malicious",0,0
"Sibling",267624,"marvelous",0,0
"Sibling",267624,"meek",0,0
"Sibling",267624,"melancholy",0,0
"Sibling",267624,"mischievous",0,0
"Sibling",267624,"miserable",0,0
"Sibling",267624,"misery",0,0
"Sibling",267624,"mistreated",0,0
"Sibling",267624,"mixed-up",0,0
"Sibling",267624,"modest",0,0
"Sibling",267624,"modesty",0,0
"Sibling",267624,"mortified",0,0
"Sibling",267624,"mournful",0,0
"Sibling",267624,"neglected",0,0
"Sibling",267624,"nervous",0,0
"Sibling",267624,"nervousness",0,0
"Sibling",267624,"nonchalant",0,0
"Sibling",267624,"nostalgia",0,0
"Sibling",267624,"nostalgic",0,0
"Sibling",267624,"obstinate",0,0
"Sibling",267624,"offended",0,0
"Sibling",267624,"on-edge",0,0
"Sibling",267624,"oppressed",0,0
"Sibling",267624,"optimism",0,0
"Sibling",267624,"optimistic",0,0
"Sibling",267624,"outrage",0,0
"Sibling",267624,"outraged",0,0
"Sibling",267624,"overconfident",0,0
"Sibling",267624,"overjoyed",0,0
"Sibling",267624,"overwhelmed",0,0
"Sibling",267624,"pain",0,0
"Sibling",267624,"pained",0,0
"Sibling",267624,"panic",0,0
"Sibling",267624,"passion",0,0
"Sibling",267624,"passionate",0,0
"Sibling",267624,"pathetic",0,0
"Sibling",267624,"patient",0,0
"Sibling",267624,"peaceful",0,0
"Sibling",267624,"peculiar",0,0
"Sibling",267624,"peeved",0,0
"Sibling",267624,"perplexed",0,0
"Sibling",267624,"persecuted",0,0
"Sibling",267624,"pessimism",0,0
"Sibling",267624,"pessimistic",0,0
"Sibling",267624,"petrified",0,0
"Sibling",267624,"petty",0,0
"Sibling",267624,"pining",0,0
"Sibling",267624,"pissed-off",0,0
"Sibling",267624,"pitiful",0,0
"Sibling",267624,"pity",0,0
"Sibling",267624,"placid",0,0
"Sibling",267624,"playful",0,0
"Sibling",267624,"pleasant",0,0
"Sibling",267624,"pleased",0,0
"Sibling",267624,"prejudiced",0,0
"Sibling",267624,"protective",0,0
"Sibling",267624,"purposeful",0,0
"Sibling",267624,"rage",0,0
"Sibling",267624,"reassurance",0,0
"Sibling",267624,"reassured",0,0
"Sibling",267624,"rebellious",0,0
"Sibling",267624,"reckless",0,0
"Sibling",267624,"refreshed",0,0
"Sibling",267624,"relaxed",0,0
"Sibling",267624,"relief",0,0
"Sibling",267624,"relieved",0,0
"Sibling",267624,"remorse",0,0
"Sibling",267624,"repentant",0,0
"Sibling",267624,"resent",0,0
"Sibling",267624,"resentful",0,0
"Sibling",267624,"resentment",0,0
"Sibling",267624,"resigned",0,0
"Sibling",267624,"respect",0,0
"Sibling",267624,"rested",0,0
"Sibling",267624,"restless",0,0
"Sibling",267624,"reverence",0,0
"Sibling",267624,"revived",0,0
"Sibling",267624,"rigid",0,0
"Sibling",267624,"sadness",0,0
"Sibling",267624,"sarcastic",0,0
"Sibling",267624,"satisfaction",0,0
"Sibling",267624,"scorn",0,0
"Sibling",267624,"scornful",0,0
"Sibling",267624,"secure",0,0
"Sibling",267624,"self-centered",0,0
"Sibling",267624,"self-confident",0,0
"Sibling",267624,"self-conscious",0,0
"Sibling",267624,"self-destructive",0,0
"Sibling",267624,"self-pity",0,0
"Sibling",267624,"self-satisfaction",0,0
"Sibling",267624,"self-satisfied",0,0
"Sibling",267624,"selfish",0,0
"Sibling",267624,"sensitive",0,0
"Sibling",267624,"sentimental",0,0
"Sibling",267624,"serene",0,0
"Sibling",267624,"serenity",0,0
"Sibling",267624,"shaken",0,0
"Sibling",267624,"shock",0,0
"Sibling",267624,"shocked",0,0
"Sibling",267624,"shook-up",0,0
"Sibling",267624,"sick-at-heart",0,0
"Sibling",267624,"sickened",0,0
"Sibling",267624,"sincere",0,0
"Sibling",267624,"skeptical",0,0
"Sibling",267624,"sleepiness",0,0
"Sibling",267624,"slighted",0,0
"Sibling",267624,"sluggish",0,0
"Sibling",267624,"smug",0,0
"Sibling",267624,"solemn",0,0
"Sibling",267624,"solemnity",0,0
"Sibling",267624,"soothed",0,0
"Sibling",267624,"sorrow",0,0
"Sibling",267624,"spiteful",0,0
"Sibling",267624,"startled",0,0
"Sibling",267624,"stunned",0,0
"Sibling",267624,"successful",0,0
"Sibling",267624,"suffering",0,0
"Sibling",267624,"superior",0,0
"Sibling",267624,"suspense",0,0
"Sibling",267624,"suspicion",0,0
"Sibling",267624,"suspicious",0,0
"Sibling",267624,"sympathetic",0,0
"Sibling",267624,"sympathy",0,0
"Sibling",267624,"tense",0,0
"Sibling",267624,"terrified",0,0
"Sibling",267624,"terror",0,0
"Sibling",267624,"thankful",0,0
"Sibling",267624,"thirst",0,0
"Sibling",267624,"threatened",0,0
"Sibling",267624,"thrilled",0,0
"Sibling",267624,"thwarted",0,0
"Sibling",267624,"timid",0,0
"Sibling",267624,"tingly",0,0
"Sibling",267624,"tolerant",0,0
"Sibling",267624,"tormented",0,0
"Sibling",267624,"triumphant",0,0
"Sibling",267624,"troubled",0,0
"Sibling",267624,"trust",0,0
"Sibling",267624,"trustworthy",0,0
"Sibling",267624,"unattractive",0,0
"Sibling",267624,"uncared-for",0,0
"Sibling",267624,"uncertain",0,0
"Sibling",267624,"uncomfortable",0,0
"Sibling",267624,"uncooperative",0,0
"Sibling",267624,"uneasy",0,0
"Sibling",267624,"unfaithful",0,0
"Sibling",267624,"unfriendly",0,0
"Sibling",267624,"unfulfilled",0,0
"Sibling",267624,"unimportant",0,0
"Sibling",267624,"uninterested",0,0
"Sibling",267624,"unlovable",0,0
"Sibling",267624,"unpleasant",0,0
"Sibling",267624,"unprotected",0,0
"Sibling",267624,"untroubled",0,0
"Sibling",267624,"untrustworthy",0,0
"Sibling",267624,"unworried",0,0
"Sibling",267624,"useless",0,0
"Sibling",267624,"vain",0,0
"Sibling",267624,"vanity",0,0
"Sibling",267624,"vengeful",0,0
"Sibling",267624,"vigor",0,0
"Sibling",267624,"vigorous",0,0
"Sibling",267624,"violent",0,0
"Sibling",267624,"virtue",0,0
"Sibling",267624,"virtuous",0,0
"Sibling",267624,"vulnerable",0,0
"Sibling",267624,"warmhearted",0,0
"Sibling",267624,"weary",0,0
"Sibling",267624,"willful",0,0
"Sibling",267624,"woe-stricken",0,0
"Sibling",267624,"yearning",0,0
"Target Child",3609370,"emotion_count",70239,19.4601828019848
"Target Child",3609370,"like",18082,5.00973854162915
"Target Child",3609370,"want",16672,4.61908864981977
"Target Child",3609370,"well",4752,1.31657325239585
"Target Child",3609370,"good",4646,1.28720524634493
"Target Child",3609370,"blue",3078,0.852780402120038
"Target Child",3609370,"bad",1604,0.44439888401577
"Target Child",3609370,"hungry",1478,0.409489744747698
"Target Child",3609370,"kind",1477,0.409212688086841
"Target Child",3609370,"hurt",1450,0.401732158243682
"Target Child",3609370,"love",1358,0.376242945444773
"Target Child",3609370,"funny",1350,0.374026492157911
"Target Child",3609370,"happy",949,0.262926771153969
"Target Child",3609370,"sure",882,0.244363974876502
"Target Child",3609370,"sick",663,0.183688566148663
"Target Child",3609370,"silly",657,0.182026226183517
"Target Child",3609370,"tired",574,0.159030523332327
"Target Child",3609370,"sleepy",568,0.15736818336718
"Target Child",3609370,"lost",546,0.151272936828311
"Target Child",3609370,"high",541,0.149887653524022
"Target Child",3609370,"sorry",532,0.147394143576303
"Target Child",3609370,"scared",526,0.145731803611157
"Target Child",3609370,"fine",473,0.131047800585698
"Target Child",3609370,"wonder",404,0.111930890986516
"Target Child",3609370,"hate",398,0.110268551021369
"Target Child",3609370,"mad",385,0.106666814430219
"Target Child",3609370,"warm",357,0.0989092279262032
"Target Child",3609370,"hope",344,0.0953074913350529
"Target Child",3609370,"strong",344,0.0953074913350529
"Target Child",3609370,"quiet",320,0.0886581314744678
"Target Child",3609370,"sad",316,0.087549904831037
"Target Child",3609370,"welcome",240,0.0664935986058509
"Target Child",3609370,"stupid",236,0.06538537196242
"Target Child",3609370,"careful",223,0.0617836353712698
"Target Child",3609370,"surprise",217,0.0601212954061235
"Target Child",3609370,"merry",199,0.0551342755106847
"Target Child",3609370,"angry",185,0.0512554822586767
"Target Child",3609370,"afraid",183,0.0507013689369613
"Target Child",3609370,"thirsty",181,0.0501472556152459
"Target Child",3609370,"crazy",164,0.0454372923806648
"Target Child",3609370,"alone",160,0.0443290657372339
"Target Child",3609370,"weird",120,0.0332467993029254
"Target Child",3609370,"glad",118,0.03269268598121
"Target Child",3609370,"lucky",105,0.0290909493900598
"Target Child",3609370,"moved",102,0.0282597794074866
"Target Child",3609370,"safe",102,0.0282597794074866
"Target Child",3609370,"terrible",82,0.0227186461903324
"Target Child",3609370,"low",81,0.0224415895294747
"Target Child",3609370,"friendly",80,0.022164532868617
"Target Child",3609370,"strange",73,0.020225136242613
"Target Child",3609370,"sore",68,0.0188398529383244
"Target Child",3609370,"touched",67,0.0185627962774667
"Target Child",3609370,"worry",66,0.018285739616609
"Target Child",3609370,"awful",64,0.0177316262948936
"Target Child",3609370,"brave",56,0.0155151730080319
"Target Child",3609370,"wonderful",46,0.0127446063994548
"Target Child",3609370,"surprised",43,0.0119134364168816
"Target Child",3609370,"comfortable",39,0.0108052097734508
"Target Child",3609370,"odd",37,0.0102510964517353
"Target Child",3609370,"dizzy",36,0.00997403979087763
"Target Child",3609370,"upset",36,0.00997403979087763
"Target Child",3609370,"patient",34,0.00941992646916221
"Target Child",3609370,"excited",32,0.00886581314744678
"Target Child",3609370,"lazy",32,0.00886581314744678
"Target Child",3609370,"shame",31,0.00858875648658907
"Target Child",3609370,"gentle",29,0.00803464316487365
"Target Child",3609370,"serious",29,0.00803464316487365
"Target Child",3609370,"curious",28,0.00775758650401594
"Target Child",3609370,"itchy",28,0.00775758650401594
"Target Child",3609370,"frightened",27,0.00748052984315822
"Target Child",3609370,"horrible",27,0.00748052984315822
"Target Child",3609370,"happiness",26,0.00720347318230051
"Target Child",3609370,"rotten",24,0.00664935986058509
"Target Child",3609370,"bored",23,0.00637230319972738
"Target Child",3609370,"proud",21,0.00581818987801195
"Target Child",3609370,"shy",21,0.00581818987801195
"Target Child",3609370,"terrific",21,0.00581818987801195
"Target Child",3609370,"bitter",20,0.00554113321715424
"Target Child",3609370,"worried",20,0.00554113321715424
"Target Child",3609370,"alarm",19,0.00526407655629653
"Target Child",3609370,"lonely",19,0.00526407655629653
"Target Child",3609370,"sexy",18,0.00498701989543882
"Target Child",3609370,"shock",18,0.00498701989543882
"Target Child",3609370,"confused",17,0.0047099632345811
"Target Child",3609370,"joy",17,0.0047099632345811
"Target Child",3609370,"enjoy",16,0.00443290657372339
"Target Child",3609370,"powerful",16,0.00443290657372339
"Target Child",3609370,"unhappy",14,0.00387879325200797
"Target Child",3609370,"calm",13,0.00360173659115026
"Target Child",3609370,"fright",13,0.00360173659115026
"Target Child",3609370,"jealous",13,0.00360173659115026
"Target Child",3609370,"marvelous",13,0.00360173659115026
"Target Child",3609370,"pain",13,0.00360173659115026
"Target Child",3609370,"ridiculous",13,0.00360173659115026
"Target Child",3609370,"nervous",12,0.00332467993029254
"Target Child",3609370,"loving",11,0.00304762326943483
"Target Child",3609370,"pleased",11,0.00304762326943483
"Target Child",3609370,"crushed",10,0.00277056660857712
"Target Child",3609370,"doubt",10,0.00277056660857712
"Target Child",3609370,"rested",10,0.00277056660857712
"Target Child",3609370,"shocked",10,0.00277056660857712
"Target Child",3609370,"violent",9,0.00249350994771941
"Target Child",3609370,"weak",9,0.00249350994771941
"Target Child",3609370,"cheated",8,0.0022164532868617
"Target Child",3609370,"fear",8,0.0022164532868617
"Target Child",3609370,"greedy",8,0.0022164532868617
"Target Child",3609370,"meek",8,0.0022164532868617
"Target Child",3609370,"miserable",8,0.0022164532868617
"Target Child",3609370,"tender",8,0.0022164532868617
"Target Child",3609370,"anxious",7,0.00193939662600398
"Target Child",3609370,"embarrassed",7,0.00193939662600398
"Target Child",3609370,"grouchy",7,0.00193939662600398
"Target Child",3609370,"ill",7,0.00193939662600398
"Target Child",3609370,"interested",7,0.00193939662600398
"Target Child",3609370,"pleasant",7,0.00193939662600398
"Target Child",3609370,"pleasure",7,0.00193939662600398
"Target Child",3609370,"vigor",7,0.00193939662600398
"Target Child",3609370,"peculiar",6,0.00166233996514627
"Target Child",3609370,"trust",6,0.00166233996514627
"Target Child",3609370,"careless",5,0.00138528330428856
"Target Child",3609370,"certain",5,0.00138528330428856
"Target Child",3609370,"courage",5,0.00138528330428856
"Target Child",3609370,"crabby",5,0.00138528330428856
"Target Child",3609370,"frustrated",5,0.00138528330428856
"Target Child",3609370,"thirst",5,0.00138528330428856
"Target Child",3609370,"ashamed",4,0.00110822664343085
"Target Child",3609370,"disappointed",4,0.00110822664343085
"Target Child",3609370,"droopy",4,0.00110822664343085
"Target Child",3609370,"faint",4,0.00110822664343085
"Target Child",3609370,"grateful",4,0.00110822664343085
"Target Child",3609370,"mischievous",4,0.00110822664343085
"Target Child",3609370,"petty",4,0.00110822664343085
"Target Child",3609370,"playful",4,0.00110822664343085
"Target Child",3609370,"amazed",3,0.000831169982573136
"Target Child",3609370,"bold",3,0.000831169982573136
"Target Child",3609370,"concerned",3,0.000831169982573136
"Target Child",3609370,"delight",3,0.000831169982573136
"Target Child",3609370,"despicable",3,0.000831169982573136
"Target Child",3609370,"impressed",3,0.000831169982573136
"Target Child",3609370,"lonesome",3,0.000831169982573136
"Target Child",3609370,"lousy",3,0.000831169982573136
"Target Child",3609370,"peaceful",3,0.000831169982573136
"Target Child",3609370,"phony",3,0.000831169982573136
"Target Child",3609370,"pity",3,0.000831169982573136
"Target Child",3609370,"selfish",3,0.000831169982573136
"Target Child",3609370,"sensitive",3,0.000831169982573136
"Target Child",3609370,"stubborn",3,0.000831169982573136
"Target Child",3609370,"uncomfortable",3,0.000831169982573136
"Target Child",3609370,"alert",2,0.000554113321715424
"Target Child",3609370,"amusement",2,0.000554113321715424
"Target Child",3609370,"anger",2,0.000554113321715424
"Target Child",3609370,"beaten",2,0.000554113321715424
"Target Child",3609370,"carefree",2,0.000554113321715424
"Target Child",3609370,"disturbed",2,0.000554113321715424
"Target Child",3609370,"drowsy",2,0.000554113321715424
"Target Child",3609370,"eager",2,0.000554113321715424
"Target Child",3609370,"fond",2,0.000554113321715424
"Target Child",3609370,"furious",2,0.000554113321715424
"Target Child",3609370,"panic",2,0.000554113321715424
"Target Child",3609370,"petrified",2,0.000554113321715424
"Target Child",3609370,"respect",2,0.000554113321715424
"Target Child",3609370,"shaken",2,0.000554113321715424
"Target Child",3609370,"solemn",2,0.000554113321715424
"Target Child",3609370,"startled",2,0.000554113321715424
"Target Child",3609370,"suffering",2,0.000554113321715424
"Target Child",3609370,"terror",2,0.000554113321715424
"Target Child",3609370,"thankful",2,0.000554113321715424
"Target Child",3609370,"threatened",2,0.000554113321715424
"Target Child",3609370,"unpleasant",2,0.000554113321715424
"Target Child",3609370,"abandoned",1,0.000277056660857712
"Target Child",3609370,"affection",1,0.000277056660857712
"Target Child",3609370,"aggravated",1,0.000277056660857712
"Target Child",3609370,"aggressive",1,0.000277056660857712
"Target Child",3609370,"attracted",1,0.000277056660857712
"Target Child",3609370,"attractive",1,0.000277056660857712
"Target Child",3609370,"confusion",1,0.000277056660857712
"Target Child",3609370,"convinced",1,0.000277056660857712
"Target Child",3609370,"cowardly",1,0.000277056660857712
"Target Child",3609370,"cruel",1,0.000277056660857712
"Target Child",3609370,"disgusted",1,0.000277056660857712
"Target Child",3609370,"dread",1,0.000277056660857712
"Target Child",3609370,"dull",1,0.000277056660857712
"Target Child",3609370,"exhausted",1,0.000277056660857712
"Target Child",3609370,"fearful",1,0.000277056660857712
"Target Child",3609370,"foolish",1,0.000277056660857712
"Target Child",3609370,"forgive",1,0.000277056660857712
"Target Child",3609370,"generous",1,0.000277056660857712
"Target Child",3609370,"glorious",1,0.000277056660857712
"Target Child",3609370,"greed",1,0.000277056660857712
"Target Child",3609370,"grief",1,0.000277056660857712
"Target Child",3609370,"guilty",1,0.000277056660857712
"Target Child",3609370,"hazy",1,0.000277056660857712
"Target Child",3609370,"heartbroken",1,0.000277056660857712
"Target Child",3609370,"hunger",1,0.000277056660857712
"Target Child",3609370,"impatient",1,0.000277056660857712
"Target Child",3609370,"irritated",1,0.000277056660857712
"Target Child",3609370,"joyous",1,0.000277056660857712
"Target Child",3609370,"lively",1,0.000277056660857712
"Target Child",3609370,"livid",1,0.000277056660857712
"Target Child",3609370,"lovable",1,0.000277056660857712
"Target Child",3609370,"protective",1,0.000277056660857712
"Target Child",3609370,"relief",1,0.000277056660857712
"Target Child",3609370,"resent",1,0.000277056660857712
"Target Child",3609370,"sincere",1,0.000277056660857712
"Target Child",3609370,"sorrow",1,0.000277056660857712
"Target Child",3609370,"suspicion",1,0.000277056660857712
"Target Child",3609370,"thrilled",1,0.000277056660857712
"Target Child",3609370,"troubled",1,0.000277056660857712
"Target Child",3609370,"vain",1,0.000277056660857712
"Target Child",3609370,"weary",1,0.000277056660857712
"Target Child",3609370,"yearning",1,0.000277056660857712
"Target Child",3609370,"abused",0,0
"Target Child",3609370,"accept",0,0
"Target Child",3609370,"admiration",0,0
"Target Child",3609370,"admire",0,0
"Target Child",3609370,"adore",0,0
"Target Child",3609370,"adventurous",0,0
"Target Child",3609370,"affectionate",0,0
"Target Child",3609370,"aggrieved",0,0
"Target Child",3609370,"agitated",0,0
"Target Child",3609370,"agitation",0,0
"Target Child",3609370,"agony",0,0
"Target Child",3609370,"alarmed",0,0
"Target Child",3609370,"alertness",0,0
"Target Child",3609370,"aloof",0,0
"Target Child",3609370,"amused",0,0
"Target Child",3609370,"anguish",0,0
"Target Child",3609370,"anguished",0,0
"Target Child",3609370,"annoyed",0,0
"Target Child",3609370,"antagonistic",0,0
"Target Child",3609370,"anxiety",0,0
"Target Child",3609370,"apathetic",0,0
"Target Child",3609370,"apathy",0,0
"Target Child",3609370,"apologetic",0,0
"Target Child",3609370,"appreciate",0,0
"Target Child",3609370,"appreciation",0,0
"Target Child",3609370,"apprehensive",0,0
"Target Child",3609370,"approve-of",0,0
"Target Child",3609370,"argumentative",0,0
"Target Child",3609370,"arousal",0,0
"Target Child",3609370,"aroused",0,0
"Target Child",3609370,"arrogant",0,0
"Target Child",3609370,"astonished",0,0
"Target Child",3609370,"at-ease",0,0
"Target Child",3609370,"at-peace",0,0
"Target Child",3609370,"attraction",0,0
"Target Child",3609370,"aversion",0,0
"Target Child",3609370,"aware",0,0
"Target Child",3609370,"awe",0,0
"Target Child",3609370,"awestruck",0,0
"Target Child",3609370,"baffled",0,0
"Target Child",3609370,"beloved",0,0
"Target Child",3609370,"benevolent",0,0
"Target Child",3609370,"bereft",0,0
"Target Child",3609370,"bewildered",0,0
"Target Child",3609370,"bitchy",0,0
"Target Child",3609370,"boredom",0,0
"Target Child",3609370,"breathless",0,0
"Target Child",3609370,"brokenhearted",0,0
"Target Child",3609370,"burdened",0,0
"Target Child",3609370,"cautious",0,0
"Target Child",3609370,"charitable",0,0
"Target Child",3609370,"charmed",0,0
"Target Child",3609370,"cheered",0,0
"Target Child",3609370,"cheerful",0,0
"Target Child",3609370,"cheerfulness",0,0
"Target Child",3609370,"cheerless",0,0
"Target Child",3609370,"compassion",0,0
"Target Child",3609370,"compassionate",0,0
"Target Child",3609370,"competent",0,0
"Target Child",3609370,"competitive",0,0
"Target Child",3609370,"complacent",0,0
"Target Child",3609370,"conceit",0,0
"Target Child",3609370,"conceited",0,0
"Target Child",3609370,"concern",0,0
"Target Child",3609370,"confidence",0,0
"Target Child",3609370,"confident",0,0
"Target Child",3609370,"conscientious",0,0
"Target Child",3609370,"consolation",0,0
"Target Child",3609370,"consoled",0,0
"Target Child",3609370,"contempt",0,0
"Target Child",3609370,"contemptible",0,0
"Target Child",3609370,"contemptuous",0,0
"Target Child",3609370,"contented",0,0
"Target Child",3609370,"contentment",0,0
"Target Child",3609370,"contrite",0,0
"Target Child",3609370,"cooperative",0,0
"Target Child",3609370,"courageous",0,0
"Target Child",3609370,"critical",0,0
"Target Child",3609370,"cruelty",0,0
"Target Child",3609370,"curiosity",0,0
"Target Child",3609370,"cynical",0,0
"Target Child",3609370,"daring",0,0
"Target Child",3609370,"dazed",0,0
"Target Child",3609370,"defeated",0,0
"Target Child",3609370,"defensive",0,0
"Target Child",3609370,"defiant",0,0
"Target Child",3609370,"deflated",0,0
"Target Child",3609370,"degraded",0,0
"Target Child",3609370,"dejected",0,0
"Target Child",3609370,"dejection",0,0
"Target Child",3609370,"delighted",0,0
"Target Child",3609370,"dependent",0,0
"Target Child",3609370,"depressed",0,0
"Target Child",3609370,"depression",0,0
"Target Child",3609370,"deprived",0,0
"Target Child",3609370,"desire",0,0
"Target Child",3609370,"despair",0,0
"Target Child",3609370,"desperate",0,0
"Target Child",3609370,"despise",0,0
"Target Child",3609370,"despondent",0,0
"Target Child",3609370,"determination",0,0
"Target Child",3609370,"determined",0,0
"Target Child",3609370,"detest",0,0
"Target Child",3609370,"devoted",0,0
"Target Child",3609370,"devotion",0,0
"Target Child",3609370,"disagreeable",0,0
"Target Child",3609370,"disappointment",0,0
"Target Child",3609370,"disapprove-of",0,0
"Target Child",3609370,"discontented",0,0
"Target Child",3609370,"discouraged",0,0
"Target Child",3609370,"disenchanted",0,0
"Target Child",3609370,"disgraced",0,0
"Target Child",3609370,"disgust",0,0
"Target Child",3609370,"disheartened",0,0
"Target Child",3609370,"disillusioned",0,0
"Target Child",3609370,"dislike",0,0
"Target Child",3609370,"dismay",0,0
"Target Child",3609370,"dismayed",0,0
"Target Child",3609370,"displeased",0,0
"Target Child",3609370,"dissatisfied",0,0
"Target Child",3609370,"distress",0,0
"Target Child",3609370,"distressed",0,0
"Target Child",3609370,"dominated",0,0
"Target Child",3609370,"doubtful",0,0
"Target Child",3609370,"downhearted",0,0
"Target Child",3609370,"dreadful",0,0
"Target Child",3609370,"dreary",0,0
"Target Child",3609370,"earnest",0,0
"Target Child",3609370,"ecstasy",0,0
"Target Child",3609370,"ecstatic",0,0
"Target Child",3609370,"elated",0,0
"Target Child",3609370,"elation",0,0
"Target Child",3609370,"embarrassment",0,0
"Target Child",3609370,"emotional",0,0
"Target Child",3609370,"empathy",0,0
"Target Child",3609370,"encouraged",0,0
"Target Child",3609370,"encouragement",0,0
"Target Child",3609370,"energetic",0,0
"Target Child",3609370,"enjoyment",0,0
"Target Child",3609370,"enthusiasm",0,0
"Target Child",3609370,"enthusiastic",0,0
"Target Child",3609370,"envious",0,0
"Target Child",3609370,"envy",0,0
"Target Child",3609370,"euphoria",0,0
"Target Child",3609370,"euphoric",0,0
"Target Child",3609370,"exasperated",0,0
"Target Child",3609370,"exasperation",0,0
"Target Child",3609370,"excitement",0,0
"Target Child",3609370,"exhaustion",0,0
"Target Child",3609370,"expectant",0,0
"Target Child",3609370,"faithful",0,0
"Target Child",3609370,"fascinated",0,0
"Target Child",3609370,"fascination",0,0
"Target Child",3609370,"fatigue",0,0
"Target Child",3609370,"fatigued",0,0
"Target Child",3609370,"fed-up",0,0
"Target Child",3609370,"feverish",0,0
"Target Child",3609370,"flabbergasted",0,0
"Target Child",3609370,"fondness",0,0
"Target Child",3609370,"friendliness",0,0
"Target Child",3609370,"frustration",0,0
"Target Child",3609370,"fulfilled",0,0
"Target Child",3609370,"fury",0,0
"Target Child",3609370,"gaiety",0,0
"Target Child",3609370,"gleeful",0,0
"Target Child",3609370,"gloomy",0,0
"Target Child",3609370,"glum",0,0
"Target Child",3609370,"gratified",0,0
"Target Child",3609370,"gratitude",0,0
"Target Child",3609370,"grief-stricken",0,0
"Target Child",3609370,"grieve",0,0
"Target Child",3609370,"guilt",0,0
"Target Child",3609370,"guiltless",0,0
"Target Child",3609370,"hateful",0,0
"Target Child",3609370,"heart-stricken",0,0
"Target Child",3609370,"heartened",0,0
"Target Child",3609370,"heartsick",0,0
"Target Child",3609370,"heartsore",0,0
"Target Child",3609370,"heavy-hearted",0,0
"Target Child",3609370,"helpless",0,0
"Target Child",3609370,"hesitant",0,0
"Target Child",3609370,"homesick",0,0
"Target Child",3609370,"hopeful",0,0
"Target Child",3609370,"hopeless",0,0
"Target Child",3609370,"hopelessness",0,0
"Target Child",3609370,"horrified",0,0
"Target Child",3609370,"horror",0,0
"Target Child",3609370,"hostile",0,0
"Target Child",3609370,"hostility",0,0
"Target Child",3609370,"humble",0,0
"Target Child",3609370,"humiliated",0,0
"Target Child",3609370,"humiliation",0,0
"Target Child",3609370,"hung-up",0,0
"Target Child",3609370,"ignored",0,0
"Target Child",3609370,"ill-at-ease",0,0
"Target Child",3609370,"impatience",0,0
"Target Child",3609370,"impotent",0,0
"Target Child",3609370,"in-love",0,0
"Target Child",3609370,"inadequate",0,0
"Target Child",3609370,"incensed",0,0
"Target Child",3609370,"incredulous",0,0
"Target Child",3609370,"indifference",0,0
"Target Child",3609370,"indifferent",0,0
"Target Child",3609370,"indignant",0,0
"Target Child",3609370,"ineffective",0,0
"Target Child",3609370,"infatuated",0,0
"Target Child",3609370,"infatuation",0,0
"Target Child",3609370,"inferior",0,0
"Target Child",3609370,"inhibited",0,0
"Target Child",3609370,"insecure",0,0
"Target Child",3609370,"inspiration",0,0
"Target Child",3609370,"inspired",0,0
"Target Child",3609370,"insulted",0,0
"Target Child",3609370,"interest",0,0
"Target Child",3609370,"intimate",0,0
"Target Child",3609370,"intimidated",0,0
"Target Child",3609370,"irate",0,0
"Target Child",3609370,"irked",0,0
"Target Child",3609370,"irritable",0,0
"Target Child",3609370,"irritation",0,0
"Target Child",3609370,"isolated",0,0
"Target Child",3609370,"jealousy",0,0
"Target Child",3609370,"jittery",0,0
"Target Child",3609370,"joyful",0,0
"Target Child",3609370,"joyless",0,0
"Target Child",3609370,"jubilant",0,0
"Target Child",3609370,"lighthearted",0,0
"Target Child",3609370,"loathe",0,0
"Target Child",3609370,"loneliness",0,0
"Target Child",3609370,"longing",0,0
"Target Child",3609370,"lovesick",0,0
"Target Child",3609370,"lust",0,0
"Target Child",3609370,"malice",0,0
"Target Child",3609370,"malicious",0,0
"Target Child",3609370,"melancholy",0,0
"Target Child",3609370,"misery",0,0
"Target Child",3609370,"mistreated",0,0
"Target Child",3609370,"mixed-up",0,0
"Target Child",3609370,"modest",0,0
"Target Child",3609370,"modesty",0,0
"Target Child",3609370,"mortified",0,0
"Target Child",3609370,"mournful",0,0
"Target Child",3609370,"nauseous",0,0
"Target Child",3609370,"neglected",0,0
"Target Child",3609370,"nervousness",0,0
"Target Child",3609370,"nonchalant",0,0
"Target Child",3609370,"nostalgia",0,0
"Target Child",3609370,"nostalgic",0,0
"Target Child",3609370,"numb",0,0
"Target Child",3609370,"obstinate",0,0
"Target Child",3609370,"offended",0,0
"Target Child",3609370,"on-edge",0,0
"Target Child",3609370,"oppressed",0,0
"Target Child",3609370,"optimism",0,0
"Target Child",3609370,"optimistic",0,0
"Target Child",3609370,"outrage",0,0
"Target Child",3609370,"outraged",0,0
"Target Child",3609370,"overconfident",0,0
"Target Child",3609370,"overjoyed",0,0
"Target Child",3609370,"overwhelmed",0,0
"Target Child",3609370,"pained",0,0
"Target Child",3609370,"passion",0,0
"Target Child",3609370,"passionate",0,0
"Target Child",3609370,"pathetic",0,0
"Target Child",3609370,"peeved",0,0
"Target Child",3609370,"perplexed",0,0
"Target Child",3609370,"persecuted",0,0
"Target Child",3609370,"pessimism",0,0
"Target Child",3609370,"pessimistic",0,0
"Target Child",3609370,"pining",0,0
"Target Child",3609370,"pissed-off",0,0
"Target Child",3609370,"pitiful",0,0
"Target Child",3609370,"placid",0,0
"Target Child",3609370,"prejudiced",0,0
"Target Child",3609370,"pride",0,0
"Target Child",3609370,"purposeful",0,0
"Target Child",3609370,"rage",0,0
"Target Child",3609370,"reassurance",0,0
"Target Child",3609370,"reassured",0,0
"Target Child",3609370,"rebellious",0,0
"Target Child",3609370,"reckless",0,0
"Target Child",3609370,"refreshed",0,0
"Target Child",3609370,"regret",0,0
"Target Child",3609370,"relaxed",0,0
"Target Child",3609370,"relieved",0,0
"Target Child",3609370,"remorse",0,0
"Target Child",3609370,"repentant",0,0
"Target Child",3609370,"resentful",0,0
"Target Child",3609370,"resentment",0,0
"Target Child",3609370,"resigned",0,0
"Target Child",3609370,"restless",0,0
"Target Child",3609370,"reverence",0,0
"Target Child",3609370,"revived",0,0
"Target Child",3609370,"rigid",0,0
"Target Child",3609370,"sadness",0,0
"Target Child",3609370,"sarcastic",0,0
"Target Child",3609370,"satisfaction",0,0
"Target Child",3609370,"satisfied",0,0
"Target Child",3609370,"scorn",0,0
"Target Child",3609370,"scornful",0,0
"Target Child",3609370,"secure",0,0
"Target Child",3609370,"self-centered",0,0
"Target Child",3609370,"self-confident",0,0
"Target Child",3609370,"self-conscious",0,0
"Target Child",3609370,"self-destructive",0,0
"Target Child",3609370,"self-pity",0,0
"Target Child",3609370,"self-satisfaction",0,0
"Target Child",3609370,"self-satisfied",0,0
"Target Child",3609370,"sentimental",0,0
"Target Child",3609370,"serene",0,0
"Target Child",3609370,"serenity",0,0
"Target Child",3609370,"shook-up",0,0
"Target Child",3609370,"sick-at-heart",0,0
"Target Child",3609370,"sickened",0,0
"Target Child",3609370,"skeptical",0,0
"Target Child",3609370,"sleepiness",0,0
"Target Child",3609370,"slighted",0,0
"Target Child",3609370,"sluggish",0,0
"Target Child",3609370,"smug",0,0
"Target Child",3609370,"solemnity",0,0
"Target Child",3609370,"soothed",0,0
"Target Child",3609370,"spiteful",0,0
"Target Child",3609370,"stunned",0,0
"Target Child",3609370,"successful",0,0
"Target Child",3609370,"superior",0,0
"Target Child",3609370,"suspense",0,0
"Target Child",3609370,"suspicious",0,0
"Target Child",3609370,"sympathetic",0,0
"Target Child",3609370,"sympathy",0,0
"Target Child",3609370,"tense",0,0
"Target Child",3609370,"terrified",0,0
"Target Child",3609370,"thwarted",0,0
"Target Child",3609370,"timid",0,0
"Target Child",3609370,"tingly",0,0
"Target Child",3609370,"tolerant",0,0
"Target Child",3609370,"tormented",0,0
"Target Child",3609370,"triumphant",0,0
"Target Child",3609370,"trustworthy",0,0
"Target Child",3609370,"unattractive",0,0
"Target Child",3609370,"uncared-for",0,0
"Target Child",3609370,"uncertain",0,0
"Target Child",3609370,"uncooperative",0,0
"Target Child",3609370,"uneasy",0,0
"Target Child",3609370,"unfaithful",0,0
"Target Child",3609370,"unfriendly",0,0
"Target Child",3609370,"unfulfilled",0,0
"Target Child",3609370,"unimportant",0,0
"Target Child",3609370,"uninterested",0,0
"Target Child",3609370,"unlovable",0,0
"Target Child",3609370,"unprotected",0,0
"Target Child",3609370,"untroubled",0,0
"Target Child",3609370,"untrustworthy",0,0
"Target Child",3609370,"unworried",0,0
"Target Child",3609370,"uptight",0,0
"Target Child",3609370,"useless",0,0
"Target Child",3609370,"vanity",0,0
"Target Child",3609370,"vengeful",0,0
"Target Child",3609370,"vigorous",0,0
"Target Child",3609370,"virtue",0,0
"Target Child",3609370,"virtuous",0,0
"Target Child",3609370,"vulnerable",0,0
"Target Child",3609370,"warmhearted",0,0
"Target Child",3609370,"willful",0,0
"Target Child",3609370,"woe-stricken",0,0
